Player_id,player_name,base_price,category,set_number,accelerated_list,is_overseas,total_points_sum,total_points_mean,total_points_std,total_points_max,total_points_min,batting_points_sum,batting_points_mean,bowling_points_sum,bowling_points_mean,fielding_points_sum,fielding_points_mean,runs_sum,runs_mean,runs_max,wickets_sum,wickets_mean,wickets_max,catches_sum,catches_mean,total_matches,points_per_match
1,Josh Hazlewood,2.0,BOWL,1,0,True,0.0,0.0,0.0,0.0,0.0,0.0,0.0,0.0,0.0,0.0,0.0,0.0,0.0,0.0,0.0,0.0,0.0,0.0,0.0,0.0,0.0
2,Varun Chakravarthy,2.0,BOWL,1,0,False,0.0,0.0,0.0,0.0,0.0,0.0,0.0,0.0,0.0,0.0,0.0,0.0,0.0,0.0,0.0,0.0,0.0,0.0,0.0,0.0,0.0
3,Jasprit Bumrah,2.0,BOWL,1,0,False,0.0,0.0,0.0,0.0,0.0,0.0,0.0,0.0,0.0,0.0,0.0,0.0,0.0,0.0,0.0,0.0,0.0,0.0,0.0,0.0,0.0
4,Trent Boult,2.0,BOWL,1,0,True,0.0,0.0,0.0,0.0,0.0,0.0,0.0,0.0,0.0,0.0,0.0,0.0,0.0,0.0,0.0,0.0,0.0,0.0,0.0,0.0,0.0
5,Noor Ahmad,2.0,BOWL,1,0,False,2250.0,60.810810810810814,65.47384458182003,276.0,-24.0,-28.0,-0.7567567567567568,1743.0,47.108108108108105,90.0,2.4324324324324325,20.0,0.5405405405405406,7.0,48.0,1.2972972972972974,4.0,8.0,0.21621621621621623,34.0,66.17647058823529
6,Arshdeep Singh,2.0,BOWL,1,0,False,4491.0,54.10843373493976,57.64081634130894,255.0,-28.0,20.0,0.24096385542168675,3466.0,41.75903614457831,160.0,1.927710843373494,31.0,0.37349397590361444,10.0,106.0,1.2771084337349397,5.0,12.0,0.14457831325301204,80.0,56.1375
7,Prasidh Krishna,2.0,BOWL,1,0,False,0.0,0.0,0.0,0.0,0.0,0.0,0.0,0.0,0.0,0.0,0.0,0.0,0.0,0.0,0.0,0.0,0.0,0.0,0.0,0.0,0.0
8,Marco Jansen,2.0,BOWL,1,0,True,0.0,0.0,0.0,0.0,0.0,0.0,0.0,0.0,0.0,0.0,0.0,0.0,0.0,0.0,0.0,0.0,0.0,0.0,0.0,0.0,0.0
9,Mitchell Starc,2.0,BOWL,1,0,True,0.0,0.0,0.0,0.0,0.0,0.0,0.0,0.0,0.0,0.0,0.0,0.0,0.0,0.0,0.0,0.0,0.0,0.0,0.0,0.0,0.0
10,Mohammed Siraj,2.0,BOWL,1,0,False,5717.0,52.93518518518518,63.66549163557157,307.0,-23.0,50.0,0.46296296296296297,3947.0,36.5462962962963,350.0,3.240740740740741,112.0,1.037037037037037,14.0,112.0,1.037037037037037,4.0,33.0,0.3055555555555556,102.0,56.049019607843135
11,Kuldeep Yadav,2.0,BOWL,1,0,False,5361.0,54.15151515151515,62.367142650395394,263.0,-41.0,70.0,0.7070707070707071,3826.0,38.64646464646464,160.0,1.6161616161616161,201.0,2.0303030303030303,35.0,106.0,1.0707070707070707,4.0,13.0,0.13131313131313133,96.0,55.84375
12,Bhuvneshwar Kumar,2.0,BOWL,1,0,False,0.0,0.0,0.0,0.0,0.0,0.0,0.0,0.0,0.0,0.0,0.0,0.0,0.0,0.0,0.0,0.0,0.0,0.0,0.0,0.0,0.0
13,Harshit Rana,2.0,BOWL,1,0,False,1712.0,51.878787878787875,47.18895367016363,153.0,-21.0,40.0,1.2121212121212122,1217.0,36.878787878787875,110.0,3.3333333333333335,59.0,1.7878787878787878,34.0,42.0,1.2727272727272727,3.0,11.0,0.3333333333333333,31.0,55.225806451612904
14,Jofra Archer,2.0,BOWL,1,0,True,0.0,0.0,0.0,0.0,0.0,0.0,0.0,0.0,0.0,0.0,0.0,0.0,0.0,0.0,0.0,0.0,0.0,0.0,0.0,0.0,0.0
15,Mohammed Shami,2.0,BOWL,1,0,False,6954.0,58.436974789915965,56.97347563878971,284.0,-24.0,70.0,0.5882352941176471,5299.0,44.529411764705884,290.0,2.436974789915966,84.0,0.7058823529411765,21.0,150.0,1.2605042016806722,4.0,19.0,0.15966386554621848,114.0,61.0
16,Kagiso Rabada,1.5,BOWL,1,0,True,0.0,0.0,0.0,0.0,0.0,0.0,0.0,0.0,0.0,0.0,0.0,0.0,0.0,0.0,0.0,0.0,0.0,0.0,0.0,0.0,0.0
17,Nathan Ellis,1.5,BOWL,1,0,True,0.0,0.0,0.0,0.0,0.0,0.0,0.0,0.0,0.0,0.0,0.0,0.0,0.0,0.0,0.0,0.0,0.0,0.0,0.0,0.0,0.0
18,Akash Deep,1.5,BOWL,1,0,False,380.0,27.142857142857142,45.872494092710006,135.0,-23.0,61.0,4.357142857142857,149.0,10.642857142857142,20.0,1.4285714285714286,25.0,1.7857142857142858,17.0,11.0,0.7857142857142857,3.0,2.0,0.14285714285714285,14.0,27.142857142857142
19,Sai Kishore,1.5,BOWL,1,0,False,0.0,0.0,0.0,0.0,0.0,0.0,0.0,0.0,0.0,0.0,0.0,0.0,0.0,0.0,0.0,0.0,0.0,0.0,0.0,0.0,0.0
20,Vaibhav Arora,1.5,BOWL,1,0,False,0.0,0.0,0.0,0.0,0.0,0.0,0.0,0.0,0.0,0.0,0.0,0.0,0.0,0.0,0.0,0.0,0.0,0.0,0.0,0.0,0.0
21,Yuzvendra Chahal,1.5,BOWL,1,0,False,0.0,0.0,0.0,0.0,0.0,0.0,0.0,0.0,0.0,0.0,0.0,0.0,0.0,0.0,0.0,0.0,0.0,0.0,0.0,0.0,0.0
22,Matheesha Pathirana,1.5,BOWL,1,0,True,0.0,0.0,0.0,0.0,0.0,0.0,0.0,0.0,0.0,0.0,0.0,0.0,0.0,0.0,0.0,0.0,0.0,0.0,0.0,0.0,0.0
23,Digvesh Rathi,1.5,BOWL,1,0,False,0.0,0.0,0.0,0.0,0.0,0.0,0.0,0.0,0.0,0.0,0.0,0.0,0.0,0.0,0.0,0.0,0.0,0.0,0.0,0.0,0.0
24,Khaleel Ahmed,1.5,BOWL,1,0,False,0.0,0.0,0.0,0.0,0.0,0.0,0.0,0.0,0.0,0.0,0.0,0.0,0.0,0.0,0.0,0.0,0.0,0.0,0.0,0.0,0.0
25,Vipraj Nigam,1.5,BOWL,1,0,False,0.0,0.0,0.0,0.0,0.0,0.0,0.0,0.0,0.0,0.0,0.0,0.0,0.0,0.0,0.0,0.0,0.0,0.0,0.0,0.0,0.0
26,Suryakumar Yadav,2.0,BAT,2,0,False,0.0,0.0,0.0,0.0,0.0,0.0,0.0,0.0,0.0,0.0,0.0,0.0,0.0,0.0,0.0,0.0,0.0,0.0,0.0,0.0,0.0
27,Shreyas Iyer,2.0,BAT,2,0,False,0.0,0.0,0.0,0.0,0.0,0.0,0.0,0.0,0.0,0.0,0.0,0.0,0.0,0.0,0.0,0.0,0.0,0.0,0.0,0.0,0.0
28,Virat Kohli,2.0,BAT,2,0,False,0.0,0.0,0.0,0.0,0.0,0.0,0.0,0.0,0.0,0.0,0.0,0.0,0.0,0.0,0.0,0.0,0.0,0.0,0.0,0.0,0.0
29,Travis Head,2.0,BAT,2,0,True,0.0,0.0,0.0,0.0,0.0,0.0,0.0,0.0,0.0,0.0,0.0,0.0,0.0,0.0,0.0,0.0,0.0,0.0,0.0,0.0,0.0
30,Sai Sudharsan,2.0,BAT,2,0,False,0.0,0.0,0.0,0.0,0.0,0.0,0.0,0.0,0.0,0.0,0.0,0.0,0.0,0.0,0.0,0.0,0.0,0.0,0.0,0.0,0.0
31,Shubman Gill,2.0,BAT,2,0,False,8581.0,72.72033898305085,78.1745674858103,401.0,-19.0,6281.0,53.228813559322035,0.0,0.0,450.0,3.8135593220338984,3866.0,32.76271186440678,129.0,0.0,0.0,0.0,45.0,0.3813559322033898,107.0,80.19626168224299
32,Aiden Markram,2.0,BAT,2,0,False,0.0,0.0,0.0,0.0,0.0,0.0,0.0,0.0,0.0,0.0,0.0,0.0,0.0,0.0,0.0,0.0,0.0,0.0,0.0,0.0,0.0
33,Rohit Sharma,2.0,BAT,2,0,False,0.0,0.0,0.0,0.0,0.0,0.0,0.0,0.0,0.0,0.0,0.0,0.0,0.0,0.0,0.0,0.0,0.0,0.0,0.0,0.0,0.0
34,Yashasvi Jaiswal,2.0,BAT,2,0,False,0.0,0.0,0.0,0.0,0.0,0.0,0.0,0.0,0.0,0.0,0.0,0.0,0.0,0.0,0.0,0.0,0.0,0.0,0.0,0.0,0.0
35,Tilak Varma,2.0,BAT,2,0,False,3288.0,60.888888888888886,42.41469426163739,186.0,-5.0,2420.0,44.81481481481482,8.0,0.14814814814814814,360.0,6.666666666666667,1499.0,27.75925925925926,84.0,0.0,0.0,0.0,32.0,0.5925925925925926,50.0,65.76
36,Ruturaj Gaikwad,2.0,BAT,2,0,False,0.0,0.0,0.0,0.0,0.0,0.0,0.0,0.0,0.0,0.0,0.0,0.0,0.0,0.0,0.0,0.0,0.0,0.0,0.0,0.0,0.0
37,Shimron Hetmyer,2.0,BAT,2,0,True,0.0,0.0,0.0,0.0,0.0,0.0,0.0,0.0,0.0,0.0,0.0,0.0,0.0,0.0,0.0,0.0,0.0,0.0,0.0,0.0,0.0
38,Rajat Patidar,2.0,BAT,2,0,True,0.0,0.0,0.0,0.0,0.0,0.0,0.0,0.0,0.0,0.0,0.0,0.0,0.0,0.0,0.0,0.0,0.0,0.0,0.0,0.0,0.0
39,Finn Allen,2.0,BAT,2,0,True,0.0,0.0,0.0,0.0,0.0,0.0,0.0,0.0,0.0,0.0,0.0,0.0,0.0,0.0,0.0,0.0,0.0,0.0,0.0,0.0,0.0
40,Tristan Stubbs,2.0,BAT,2,0,True,0.0,0.0,0.0,0.0,0.0,0.0,0.0,0.0,0.0,0.0,0.0,0.0,0.0,0.0,0.0,0.0,0.0,0.0,0.0,0.0,0.0
41,Tim David,2.0,BAT,2,0,True,0.0,0.0,0.0,0.0,0.0,0.0,0.0,0.0,0.0,0.0,0.0,0.0,0.0,0.0,0.0,0.0,0.0,0.0,0.0,0.0,0.0
42,Rinku Singh,2.0,BAT,2,0,False,0.0,0.0,0.0,0.0,0.0,0.0,0.0,0.0,0.0,0.0,0.0,0.0,0.0,0.0,0.0,0.0,0.0,0.0,0.0,0.0,0.0
43,Dewald Brevis,2.0,BAT,2,0,True,0.0,0.0,0.0,0.0,0.0,0.0,0.0,0.0,0.0,0.0,0.0,0.0,0.0,0.0,0.0,0.0,0.0,0.0,0.0,0.0,0.0
44,David Miller,2.0,BAT,2,0,True,0.0,0.0,0.0,0.0,0.0,0.0,0.0,0.0,0.0,0.0,0.0,0.0,0.0,0.0,0.0,0.0,0.0,0.0,0.0,0.0,0.0
45,Pathum Nissanka,2.0,BAT,2,0,True,0.0,0.0,0.0,0.0,0.0,0.0,0.0,0.0,0.0,0.0,0.0,0.0,0.0,0.0,0.0,0.0,0.0,0.0,0.0,0.0,0.0
46,Abhishek Sharma,2.0,AR,3,0,False,4513.0,58.61038961038961,75.81108026295155,420.0,-33.0,3167.0,41.12987012987013,61.0,0.7922077922077922,260.0,3.3766233766233764,1816.0,23.584415584415584,141.0,11.0,0.14285714285714285,2.0,25.0,0.3246753246753247,74.0,60.986486486486484
47,Sunil Narine,2.0,AR,3,0,True,0.0,0.0,0.0,0.0,0.0,0.0,0.0,0.0,0.0,0.0,0.0,0.0,0.0,0.0,0.0,0.0,0.0,0.0,0.0,0.0,0.0
48,Mitchell Marsh,2.0,AR,3,0,True,0.0,0.0,0.0,0.0,0.0,0.0,0.0,0.0,0.0,0.0,0.0,0.0,0.0,0.0,0.0,0.0,0.0,0.0,0.0,0.0,0.0
49,Cameron Green,2.0,AR,3,0,True,0.0,0.0,0.0,0.0,0.0,0.0,0.0,0.0,0.0,0.0,0.0,0.0,0.0,0.0,0.0,0.0,0.0,0.0,0.0,0.0,0.0
50,Sam Curran,2.0,AR,3,0,True,0.0,0.0,0.0,0.0,0.0,0.0,0.0,0.0,0.0,0.0,0.0,0.0,0.0,0.0,0.0,0.0,0.0,0.0,0.0,0.0,0.0
51,Hardik Pandya,2.0,AR,3,0,False,0.0,0.0,0.0,0.0,0.0,0.0,0.0,0.0,0.0,0.0,0.0,0.0,0.0,0.0,0.0,0.0,0.0,0.0,0.0,0.0,0.0
52,Krunal Pandya,2.0,AR,3,0,False,0.0,0.0,0.0,0.0,0.0,0.0,0.0,0.0,0.0,0.0,0.0,0.0,0.0,0.0,0.0,0.0,0.0,0.0,0.0,0.0,0.0
53,Pat Cummins,2.0,AR,3,0,True,0.0,0.0,0.0,0.0,0.0,0.0,0.0,0.0,0.0,0.0,0.0,0.0,0.0,0.0,0.0,0.0,0.0,0.0,0.0,0.0,0.0
54,Ravindra Jadeja,2.0,AR,3,0,False,0.0,0.0,0.0,0.0,0.0,0.0,0.0,0.0,0.0,0.0,0.0,0.0,0.0,0.0,0.0,0.0,0.0,0.0,0.0,0.0,0.0
55,Axar Patel,2.0,AR,3,0,True,0.0,0.0,0.0,0.0,0.0,0.0,0.0,0.0,0.0,0.0,0.0,0.0,0.0,0.0,0.0,0.0,0.0,0.0,0.0,0.0,0.0
56,Riyan Parag,2.0,AR,3,0,False,0.0,0.0,0.0,0.0,0.0,0.0,0.0,0.0,0.0,0.0,0.0,0.0,0.0,0.0,0.0,0.0,0.0,0.0,0.0,0.0,0.0
57,Mitchell Santner,2.0,AR,3,0,True,0.0,0.0,0.0,0.0,0.0,0.0,0.0,0.0,0.0,0.0,0.0,0.0,0.0,0.0,0.0,0.0,0.0,0.0,0.0,0.0,0.0
58,Shivam Dube,2.0,AR,3,0,False,0.0,0.0,0.0,0.0,0.0,0.0,0.0,0.0,0.0,0.0,0.0,0.0,0.0,0.0,0.0,0.0,0.0,0.0,0.0,0.0,0.0
59,Washington Sundar,2.0,AR,3,0,False,2946.0,44.63636363636363,47.08540076324046,218.0,-25.0,605.0,9.166666666666666,1481.0,22.439393939393938,150.0,2.272727272727273,511.0,7.742424242424242,49.0,41.0,0.6212121212121212,3.0,14.0,0.21212121212121213,62.0,47.516129032258064
60,Glenn Phillips,2.0,AR,3,0,True,0.0,0.0,0.0,0.0,0.0,0.0,0.0,0.0,0.0,0.0,0.0,0.0,0.0,0.0,0.0,0.0,0.0,0.0,0.0,0.0,0.0
61,Rashid Khan,2.0,AR,3,0,True,11016.0,81.0,68.93872749150614,397.0,-21.0,1058.0,7.779411764705882,7428.0,54.61764705882353,530.0,3.8970588235294117,585.0,4.301470588235294,79.0,166.0,1.2205882352941178,5.0,47.0,0.34558823529411764,123.0,89.5609756097561
62,Nitish Kumar Reddy,2.0,AR,3,0,True,0.0,0.0,0.0,0.0,0.0,0.0,0.0,0.0,0.0,0.0,0.0,0.0,0.0,0.0,0.0,0.0,0.0,0.0,0.0,0.0,0.0
63,Azmatullah Omarzai,2.0,AR,3,0,True,547.0,32.1764705882353,38.85427147386379,115.0,-9.0,137.0,8.058823529411764,245.0,14.411764705882353,0.0,0.0,99.0,5.823529411764706,21.0,12.0,0.7058823529411765,2.0,0.0,0.0,14.0,39.07142857142857
64,Marcus Stoinis,2.0,AR,3,0,True,0.0,0.0,0.0,0.0,0.0,0.0,0.0,0.0,0.0,0.0,0.0,0.0,0.0,0.0,0.0,0.0,0.0,0.0,0.0,0.0,0.0
65,Venkatesh Iyer,2.0,AR,3,0,False,0.0,0.0,0.0,0.0,0.0,0.0,0.0,0.0,0.0,0.0,0.0,0.0,0.0,0.0,0.0,0.0,0.0,0.0,0.0,0.0,0.0
66,Jos Buttler,2.0,WK,4,0,True,0.0,0.0,0.0,0.0,0.0,0.0,0.0,0.0,0.0,0.0,0.0,0.0,0.0,0.0,0.0,0.0,0.0,0.0,0.0,0.0,0.0
67,Heinrich Klaasen,2.0,WK,4,0,True,0.0,0.0,0.0,0.0,0.0,0.0,0.0,0.0,0.0,0.0,0.0,0.0,0.0,0.0,0.0,0.0,0.0,0.0,0.0,0.0,0.0
68,KL Rahul,2.0,WK,4,0,False,11729.0,80.33561643835617,79.21792529622368,395.0,-18.0,8529.0,58.417808219178085,0.0,0.0,1050.0,7.191780821917808,5235.0,35.85616438356164,132.0,0.0,0.0,0.0,81.0,0.5547945205479452,143.0,82.02097902097903
69,Nicholas Pooran,2.0,WK,4,0,True,0.0,0.0,0.0,0.0,0.0,0.0,0.0,0.0,0.0,0.0,0.0,0.0,0.0,0.0,0.0,0.0,0.0,0.0,0.0,0.0,0.0
70,Ishan Kishan,2.0,WK,4,0,False,6929.0,58.226890756302524,65.62792359586666,334.0,-18.0,4654.0,39.109243697478995,0.0,0.0,820.0,6.890756302521009,2998.0,25.19327731092437,106.0,0.0,0.0,0.0,60.0,0.5042016806722689,113.0,61.31858407079646
71,Ryan Rickelton,2.0,WK,4,0,False,0.0,0.0,0.0,0.0,0.0,0.0,0.0,0.0,0.0,0.0,0.0,0.0,0.0,0.0,0.0,0.0,0.0,0.0,0.0,0.0,0.0
72,Phil Salt,2.0,WK,4,0,False,0.0,0.0,0.0,0.0,0.0,0.0,0.0,0.0,0.0,0.0,0.0,0.0,0.0,0.0,0.0,0.0,0.0,0.0,0.0,0.0,0.0
73,Sanju Samson,2.0,WK,4,0,True,0.0,0.0,0.0,0.0,0.0,0.0,0.0,0.0,0.0,0.0,0.0,0.0,0.0,0.0,0.0,0.0,0.0,0.0,0.0,0.0,0.0
74,Tim Seifert,2.0,WK,4,0,True,0.0,0.0,0.0,0.0,0.0,0.0,0.0,0.0,0.0,0.0,0.0,0.0,0.0,0.0,0.0,0.0,0.0,0.0,0.0,0.0,0.0
75,Rishabh Pant,2.0,WK,4,0,False,0.0,0.0,0.0,0.0,0.0,0.0,0.0,0.0,0.0,0.0,0.0,0.0,0.0,0.0,0.0,0.0,0.0,0.0,0.0,0.0,0.0
76,Deepak Chahar,1.0,BOWL,5,0,False,0.0,0.0,0.0,0.0,0.0,0.0,0.0,0.0,0.0,0.0,0.0,0.0,0.0,0.0,0.0,0.0,0.0,0.0,0.0,0.0,0.0
77,Shardul Thakur,1.0,BOWL,5,0,False,0.0,0.0,0.0,0.0,0.0,0.0,0.0,0.0,0.0,0.0,0.0,0.0,0.0,0.0,0.0,0.0,0.0,0.0,0.0,0.0,0.0
78,Suyash Sharma,1.0,BOWL,5,0,False,1063.0,39.370370370370374,59.47859870326221,215.0,-23.0,0.0,0.0,668.0,24.74074074074074,30.0,1.1111111111111112,0.0,0.0,0.0,20.0,0.7407407407407407,3.0,2.0,0.07407407407407407,25.0,42.52
79,Jaydev Unadkat,1.0,BOWL,5,0,False,0.0,0.0,0.0,0.0,0.0,0.0,0.0,0.0,0.0,0.0,0.0,0.0,0.0,0.0,0.0,0.0,0.0,0.0,0.0,0.0,0.0
80,Yash Dayal,1.0,BOWL,5,0,False,1791.0,41.651162790697676,47.27371348551924,217.0,-33.0,-11.0,-0.2558139534883721,1187.0,27.6046511627907,100.0,2.3255813953488373,4.0,0.09302325581395349,3.0,45.0,1.0465116279069768,4.0,8.0,0.18604651162790697,38.0,47.13157894736842
81,Harpreet Brar,1.0,BOWL,5,0,False,2297.0,46.87755102040816,67.0865835609293,279.0,-24.0,283.0,5.775510204081633,1209.0,24.6734693877551,140.0,2.857142857142857,244.0,4.979591836734694,29.0,35.0,0.7142857142857143,4.0,14.0,0.2857142857142857,48.0,47.854166666666664
82,Mukesh Kumar,1.0,BOWL,5,0,False,1729.0,54.03125,60.88406983503501,266.0,-23.0,-30.0,-0.9375,1289.0,40.28125,90.0,2.8125,10.0,0.3125,6.0,45.0,1.40625,4.0,5.0,0.15625,32.0,54.03125
83,Avesh Khan,1.0,BOWL,5,0,False,4199.0,55.986666666666665,59.770844680946865,250.0,-20.0,96.0,1.28,3038.0,40.50666666666667,130.0,1.7333333333333334,62.0,0.8266666666666667,19.0,94.0,1.2533333333333334,4.0,11.0,0.14666666666666667,70.0,59.98571428571429
84,Ravi Bishnoi,1.0,BOWL,5,0,False,3655.0,47.467532467532465,46.27366660923628,167.0,-24.0,1.0,0.012987012987012988,2629.0,34.142857142857146,250.0,3.2467532467532467,45.0,0.5844155844155844,13.0,77.0,1.0,3.0,21.0,0.2727272727272727,75.0,48.733333333333334
85,Eshan Malinga,1.0,BOWL,5,0,False,0.0,0.0,0.0,0.0,0.0,0.0,0.0,0.0,0.0,0.0,0.0,0.0,0.0,0.0,0.0,0.0,0.0,0.0,0.0,0.0,0.0
86,Rasikh Salam,1.0,BOWL,5,0,False,344.0,26.46153846153846,52.864000644129874,133.0,-28.0,10.0,0.7692307692307693,169.0,13.0,30.0,2.3076923076923075,40.0,3.076923076923077,10.0,10.0,0.7692307692307693,3.0,3.0,0.23076923076923078,13.0,26.46153846153846
87,Tushar Deshpande,1.0,BOWL,5,0,False,0.0,0.0,0.0,0.0,0.0,0.0,0.0,0.0,0.0,0.0,0.0,0.0,0.0,0.0,0.0,0.0,0.0,0.0,0.0,0.0,0.0
88,Xavier Bartlett,1.0,BOWL,5,0,True,0.0,0.0,0.0,0.0,0.0,0.0,0.0,0.0,0.0,0.0,0.0,0.0,0.0,0.0,0.0,0.0,0.0,0.0,0.0,0.0,0.0
89,Lockie Ferguson,1.0,BOWL,5,0,True,0.0,0.0,0.0,0.0,0.0,0.0,0.0,0.0,0.0,0.0,0.0,0.0,0.0,0.0,0.0,0.0,0.0,0.0,0.0,0.0,0.0
90,Sandeep Sharma,1.0,BOWL,5,0,False,8158.0,59.98529411764706,60.95061574679006,348.0,-21.0,24.0,0.17647058823529413,6274.0,46.13235294117647,220.0,1.6176470588235294,60.0,0.4411764705882353,9.0,163.0,1.1985294117647058,5.0,17.0,0.125,129.0,63.24031007751938
91,T Natarajan,1.0,BOWL,5,0,False,3286.0,51.34375,52.21877627097456,259.0,-24.0,3.0,0.046875,2533.0,39.578125,120.0,1.875,3.0,0.046875,3.0,77.0,1.203125,4.0,8.0,0.125,59.0,55.69491525423729
92,Nandre Burger,1.0,BOWL,5,0,True,0.0,0.0,0.0,0.0,0.0,0.0,0.0,0.0,0.0,0.0,0.0,0.0,0.0,0.0,0.0,0.0,0.0,0.0,0.0,0.0,0.0
93,Umran Malik,1.0,BOWL,5,0,False,1563.0,60.11538461538461,94.62613885098638,346.0,-23.0,58.0,2.230769230769231,1105.0,42.5,60.0,2.3076923076923075,23.0,0.8846153846153846,19.0,31.0,1.1923076923076923,5.0,4.0,0.15384615384615385,26.0,60.11538461538461
94,Lungi Ngidi,1.0,BOWL,5,0,True,0.0,0.0,0.0,0.0,0.0,0.0,0.0,0.0,0.0,0.0,0.0,0.0,0.0,0.0,0.0,0.0,0.0,0.0,0.0,0.0,0.0
95,Rahul Chahar,1.0,BOWL,5,0,False,0.0,0.0,0.0,0.0,0.0,0.0,0.0,0.0,0.0,0.0,0.0,0.0,0.0,0.0,0.0,0.0,0.0,0.0,0.0,0.0,0.0
96,Akeal Hosein,1.0,BOWL,5,0,True,0.0,0.0,0.0,0.0,0.0,0.0,0.0,0.0,0.0,0.0,0.0,0.0,0.0,0.0,0.0,0.0,0.0,0.0,0.0,0.0,0.0
97,Mayank Yadav,1.0,BOWL,5,0,False,0.0,0.0,0.0,0.0,0.0,0.0,0.0,0.0,0.0,0.0,0.0,0.0,0.0,0.0,0.0,0.0,0.0,0.0,0.0,0.0,0.0
98,Harsh Dubey,1.0,BOWL,5,0,False,203.0,67.66666666666667,66.98009654616313,145.0,28.0,0.0,0.0,158.0,52.666666666666664,0.0,0.0,0.0,0.0,0.0,5.0,1.6666666666666667,3.0,0.0,0.0,3.0,67.66666666666667
99,Zeeshan Ansari,1.0,BOWL,5,0,False,277.0,27.7,34.49331658291051,110.0,-5.0,0.0,0.0,157.0,15.7,40.0,4.0,0.0,0.0,0.0,8.0,0.8,3.0,3.0,0.3,10.0,27.7
100,Auqib Nabi,1.0,BOWL,5,0,False,0.0,0.0,0.0,0.0,0.0,0.0,0.0,0.0,0.0,0.0,0.0,0.0,0.0,0.0,0.0,0.0,0.0,0.0,0.0,0.0,0.0
101,Priyansh Arya,1.0,BAT,6,0,False,1347.0,74.83333333333333,78.37710500034622,323.0,-5.0,1027.0,57.05555555555556,0.0,0.0,80.0,4.444444444444445,545.0,30.27777777777778,103.0,0.0,0.0,0.0,8.0,0.4444444444444444,15.0,89.8
102,Ajinkya Rahane,1.0,BAT,6,0,False,0.0,0.0,0.0,0.0,0.0,0.0,0.0,0.0,0.0,0.0,0.0,0.0,0.0,0.0,0.0,0.0,0.0,0.0,0.0,0.0,0.0
103,Nehal Wadhera,1.0,BAT,6,0,False,0.0,0.0,0.0,0.0,0.0,0.0,0.0,0.0,0.0,0.0,0.0,0.0,0.0,0.0,0.0,0.0,0.0,0.0,0.0,0.0,0.0
104,Sherfane Rutherford,1.0,BAT,6,0,False,0.0,0.0,0.0,0.0,0.0,0.0,0.0,0.0,0.0,0.0,0.0,0.0,0.0,0.0,0.0,0.0,0.0,0.0,0.0,0.0,0.0
105,Angkrish Raghuvanshi,1.0,BAT,6,0,False,0.0,0.0,0.0,0.0,0.0,0.0,0.0,0.0,0.0,0.0,0.0,0.0,0.0,0.0,0.0,0.0,0.0,0.0,0.0,0.0,0.0
106,Vaibhav Sooryavanshi,1.0,BAT,6,0,False,0.0,0.0,0.0,0.0,0.0,0.0,0.0,0.0,0.0,0.0,0.0,0.0,0.0,0.0,0.0,0.0,0.0,0.0,0.0,0.0,0.0
107,Rahul Tripathi,1.0,BAT,6,0,False,0.0,0.0,0.0,0.0,0.0,0.0,0.0,0.0,0.0,0.0,0.0,0.0,0.0,0.0,0.0,0.0,0.0,0.0,0.0,0.0,0.0
108,Rovman Powell,1.0,BAT,6,0,False,0.0,0.0,0.0,0.0,0.0,0.0,0.0,0.0,0.0,0.0,0.0,0.0,0.0,0.0,0.0,0.0,0.0,0.0,0.0,0.0,0.0
109,Devdutt Padikkal,1.0,BAT,6,0,False,0.0,0.0,0.0,0.0,0.0,0.0,0.0,0.0,0.0,0.0,0.0,0.0,0.0,0.0,0.0,0.0,0.0,0.0,0.0,0.0,0.0
110,Nitish Rana,1.0,BAT,6,0,False,0.0,0.0,0.0,0.0,0.0,0.0,0.0,0.0,0.0,0.0,0.0,0.0,0.0,0.0,0.0,0.0,0.0,0.0,0.0,0.0,0.0
111,Ashutosh Sharma,1.0,BAT,6,0,False,958.0,39.916666666666664,50.844961844095586,206.0,-17.0,658.0,27.416666666666668,0.0,0.0,40.0,1.6666666666666667,393.0,16.375,66.0,0.0,0.0,0.0,4.0,0.16666666666666666,24.0,39.916666666666664
112,Ayush Mhatre,1.0,BAT,6,0,False,0.0,0.0,0.0,0.0,0.0,0.0,0.0,0.0,0.0,0.0,0.0,0.0,0.0,0.0,0.0,0.0,0.0,0.0,0.0,0.0,0.0
113,Abdul Samad,1.0,BAT,6,0,True,2155.0,34.20634920634921,30.037159099677083,112.0,-18.0,1288.0,20.444444444444443,-28.0,-0.4444444444444444,310.0,4.920634920634921,743.0,11.793650793650794,45.0,2.0,0.031746031746031744,1.0,31.0,0.49206349206349204,58.0,37.1551724137931
114,Karun Nair,1.0,BAT,6,0,False,0.0,0.0,0.0,0.0,0.0,0.0,0.0,0.0,0.0,0.0,0.0,0.0,0.0,0.0,0.0,0.0,0.0,0.0,0.0,0.0,0.0
115,Rahul Tewatia,1.0,BAT,6,0,False,0.0,0.0,0.0,0.0,0.0,0.0,0.0,0.0,0.0,0.0,0.0,0.0,0.0,0.0,0.0,0.0,0.0,0.0,0.0,0.0,0.0
116,Mitchell Owen,1.0,BAT,6,0,True,0.0,0.0,0.0,0.0,0.0,0.0,0.0,0.0,0.0,0.0,0.0,0.0,0.0,0.0,0.0,0.0,0.0,0.0,0.0,0.0,0.0
117,Ben Duckett,1.0,BAT,6,0,True,0.0,0.0,0.0,0.0,0.0,0.0,0.0,0.0,0.0,0.0,0.0,0.0,0.0,0.0,0.0,0.0,0.0,0.0,0.0,0.0,0.0
118,Jacob Bethell,1.0,BAT,6,0,True,0.0,0.0,0.0,0.0,0.0,0.0,0.0,0.0,0.0,0.0,0.0,0.0,0.0,0.0,0.0,0.0,0.0,0.0,0.0,0.0,0.0
119,Aniket Verma,1.0,BAT,6,0,False,633.0,45.214285714285715,42.9062996476106,141.0,3.0,433.0,30.928571428571427,0.0,0.0,70.0,5.0,236.0,16.857142857142858,74.0,0.0,0.0,0.0,6.0,0.42857142857142855,14.0,45.214285714285715
120,Sameer Rizvi,1.0,BAT,6,0,True,515.0,36.785714285714285,53.874753001652,206.0,-5.0,285.0,20.357142857142858,0.0,0.0,30.0,2.142857142857143,172.0,12.285714285714286,58.0,0.0,0.0,0.0,3.0,0.21428571428571427,14.0,36.785714285714285
121,Will Jacks,1.0,AR,7,0,True,0.0,0.0,0.0,0.0,0.0,0.0,0.0,0.0,0.0,0.0,0.0,0.0,0.0,0.0,0.0,0.0,0.0,0.0,0.0,0.0,0.0
122,Harshal Patel,1.0,AR,7,0,True,0.0,0.0,0.0,0.0,0.0,0.0,0.0,0.0,0.0,0.0,0.0,0.0,0.0,0.0,0.0,0.0,0.0,0.0,0.0,0.0,0.0
123,Ayush Badoni,1.0,AR,7,0,False,0.0,0.0,0.0,0.0,0.0,0.0,0.0,0.0,0.0,0.0,0.0,0.0,0.0,0.0,0.0,0.0,0.0,0.0,0.0,0.0,0.0
124,Romario Shepherd,1.0,AR,7,0,False,0.0,0.0,0.0,0.0,0.0,0.0,0.0,0.0,0.0,0.0,0.0,0.0,0.0,0.0,0.0,0.0,0.0,0.0,0.0,0.0,0.0
125,Rachin Ravindra,1.0,AR,7,0,False,0.0,0.0,0.0,0.0,0.0,0.0,0.0,0.0,0.0,0.0,0.0,0.0,0.0,0.0,0.0,0.0,0.0,0.0,0.0,0.0,0.0
126,Shashank Singh,1.0,AR,7,0,False,1975.0,47.023809523809526,52.18189953223341,200.0,-20.0,1360.0,32.38095238095238,-25.0,-0.5952380952380952,180.0,4.285714285714286,773.0,18.404761904761905,68.0,1.0,0.023809523809523808,1.0,17.0,0.40476190476190477,39.0,50.64102564102564
127,Naman Dhir,1.0,AR,7,0,False,1151.0,50.04347826086956,44.53647969603587,141.0,-20.0,775.0,33.69565217391305,11.0,0.4782608695652174,150.0,6.521739130434782,392.0,17.043478260869566,62.0,1.0,0.043478260869565216,1.0,15.0,0.6521739130434783,21.0,54.80952380952381
128,Anshul Kamboj,1.0,AR,7,0,False,0.0,0.0,0.0,0.0,0.0,0.0,0.0,0.0,0.0,0.0,0.0,0.0,0.0,0.0,0.0,0.0,0.0,0.0,0.0,0.0,0.0
129,Liam Livingstone,1.0,AR,7,0,True,0.0,0.0,0.0,0.0,0.0,0.0,0.0,0.0,0.0,0.0,0.0,0.0,0.0,0.0,0.0,0.0,0.0,0.0,0.0,0.0,0.0
130,Ramandeep Singh,1.0,AR,7,0,False,1062.0,35.4,39.145704833309004,157.0,2.0,400.0,13.333333333333334,192.0,6.4,150.0,5.0,217.0,7.233333333333333,35.0,6.0,0.2,3.0,13.0,0.43333333333333335,28.0,37.92857142857143
131,Corbin Bosch,1.0,AR,7,0,True,0.0,0.0,0.0,0.0,0.0,0.0,0.0,0.0,0.0,0.0,0.0,0.0,0.0,0.0,0.0,0.0,0.0,0.0,0.0,0.0,0.0
132,Shahbaz Ahmed,1.0,AR,7,0,False,1781.0,30.70689655172414,44.38982364046084,208.0,-26.0,599.0,10.327586206896552,282.0,4.862068965517241,220.0,3.793103448275862,545.0,9.39655172413793,59.0,22.0,0.3793103448275862,3.0,20.0,0.3448275862068966,52.0,34.25
133,Jason Holder,1.0,AR,7,0,True,0.0,0.0,0.0,0.0,0.0,0.0,0.0,0.0,0.0,0.0,0.0,0.0,0.0,0.0,0.0,0.0,0.0,0.0,0.0,0.0,0.0
134,Matthew Short,1.0,AR,7,0,True,0.0,0.0,0.0,0.0,0.0,0.0,0.0,0.0,0.0,0.0,0.0,0.0,0.0,0.0,0.0,0.0,0.0,0.0,0.0,0.0,0.0
135,Donovan Ferreira,1.0,AR,7,0,True,0.0,0.0,0.0,0.0,0.0,0.0,0.0,0.0,0.0,0.0,0.0,0.0,0.0,0.0,0.0,0.0,0.0,0.0,0.0,0.0,0.0
136,Suryansh Shedge,1.0,AR,7,0,False,53.0,10.6,15.388307249337076,29.0,-13.0,7.0,1.4,-29.0,-5.8,10.0,2.0,7.0,1.4,4.0,0.0,0.0,0.0,1.0,0.2,5.0,10.6
137,Brydon Carse,1.0,AR,7,0,True,0.0,0.0,0.0,0.0,0.0,0.0,0.0,0.0,0.0,0.0,0.0,0.0,0.0,0.0,0.0,0.0,0.0,0.0,0.0,0.0,0.0
138,M Shahrukh Khan,1.0,AR,7,0,False,1942.0,35.30909090909091,31.284165162250858,133.0,-5.0,1143.0,20.78181818181818,-6.0,-0.10909090909090909,260.0,4.7272727272727275,732.0,13.309090909090909,58.0,1.0,0.01818181818181818,1.0,25.0,0.45454545454545453,54.0,35.96296296296296
139,Mangesh Yadav,1.0,AR,7,0,False,0.0,0.0,0.0,0.0,0.0,0.0,0.0,0.0,0.0,0.0,0.0,0.0,0.0,0.0,0.0,0.0,0.0,0.0,0.0,0.0,0.0
140,Prashant Veer,1.0,AR,7,0,False,0.0,0.0,0.0,0.0,0.0,0.0,0.0,0.0,0.0,0.0,0.0,0.0,0.0,0.0,0.0,0.0,0.0,0.0,0.0,0.0,0.0
141,Josh Inglis,1.0,WK,8,0,True,0.0,0.0,0.0,0.0,0.0,0.0,0.0,0.0,0.0,0.0,0.0,0.0,0.0,0.0,0.0,0.0,0.0,0.0,0.0,0.0,0.0
142,Quinton de Kock,1.0,WK,8,0,False,0.0,0.0,0.0,0.0,0.0,0.0,0.0,0.0,0.0,0.0,0.0,0.0,0.0,0.0,0.0,0.0,0.0,0.0,0.0,0.0,0.0
143,Prabhsimran Singh,1.0,WK,8,0,False,0.0,0.0,0.0,0.0,0.0,0.0,0.0,0.0,0.0,0.0,0.0,0.0,0.0,0.0,0.0,0.0,0.0,0.0,0.0,0.0,0.0
144,Jitesh Sharma,1.0,WK,8,0,False,0.0,0.0,0.0,0.0,0.0,0.0,0.0,0.0,0.0,0.0,0.0,0.0,0.0,0.0,0.0,0.0,0.0,0.0,0.0,0.0,0.0
145,Dhruv Jurel,1.0,WK,8,0,False,1702.0,41.51219512195122,40.59502552728568,142.0,-9.0,1107.0,27.0,0.0,0.0,200.0,4.878048780487805,680.0,16.585365853658537,70.0,0.0,0.0,0.0,19.0,0.4634146341463415,39.0,43.64102564102564
146,MS Dhoni,1.0,WK,8,0,False,15132.0,54.628158844765345,50.195873594805484,235.0,-19.0,8237.0,29.736462093862816,0.0,0.0,3050.0,11.010830324909747,5439.0,19.63537906137184,84.0,0.0,0.0,0.0,158.0,0.5703971119133574,249.0,60.7710843373494
147,Tom Banton,0.5,WK,8,0,False,0.0,0.0,0.0,0.0,0.0,0.0,0.0,0.0,0.0,0.0,0.0,0.0,0.0,0.0,0.0,0.0,0.0,0.0,0.0,0.0,0.0
148,Kartik Sharma,1.0,WK,8,0,False,0.0,0.0,0.0,0.0,0.0,0.0,0.0,0.0,0.0,0.0,0.0,0.0,0.0,0.0,0.0,0.0,0.0,0.0,0.0,0.0,0.0
149,Tejasvi Dahiya,0.5,WK,8,0,False,0.0,0.0,0.0,0.0,0.0,0.0,0.0,0.0,0.0,0.0,0.0,0.0,0.0,0.0,0.0,0.0,0.0,0.0,0.0,0.0,0.0
150,Salil Arora,0.5,WK,8,0,False,0.0,0.0,0.0,0.0,0.0,0.0,0.0,0.0,0.0,0.0,0.0,0.0,0.0,0.0,0.0,0.0,0.0,0.0,0.0,0.0,0.0
151,Arshad Khan,0.25,BOWL,9,1,False,592.0,32.888888888888886,39.24416612903629,126.0,-21.0,192.0,10.666666666666666,160.0,8.88888888888889,60.0,3.3333333333333335,119.0,6.611111111111111,58.0,12.0,0.6666666666666666,3.0,6.0,0.3333333333333333,18.0,32.888888888888886
152,Kyle Jamieson,0.25,BOWL,9,1,True,0.0,0.0,0.0,0.0,0.0,0.0,0.0,0.0,0.0,0.0,0.0,0.0,0.0,0.0,0.0,0.0,0.0,0.0,0.0,0.0,0.0
153,AM Ghazanfar,0.25,BOWL,9,1,False,0.0,0.0,0.0,0.0,0.0,0.0,0.0,0.0,0.0,0.0,0.0,0.0,0.0,0.0,0.0,0.0,0.0,0.0,0.0,0.0,0.0
154,Mohsin Khan,0.25,BOWL,9,1,False,1293.0,53.875,70.42375618200585,280.0,-21.0,24.0,1.0,959.0,39.958333333333336,20.0,0.8333333333333334,25.0,1.0416666666666667,13.0,27.0,1.125,4.0,2.0,0.08333333333333333,22.0,58.77272727272727
155,Ashwani Kumar,0.25,BOWL,9,1,False,440.0,62.857142857142854,93.73442727804367,264.0,-15.0,0.0,0.0,305.0,43.57142857142857,20.0,2.857142857142857,0.0,0.0,0.0,11.0,1.5714285714285714,4.0,2.0,0.2857142857142857,5.0,88.0
156,Shivam Mavi,0.25,BOWL,9,1,False,1678.0,52.4375,55.05418884769277,275.0,-17.0,34.0,1.0625,1054.0,32.9375,160.0,5.0,51.0,1.59375,20.0,33.0,1.03125,4.0,15.0,0.46875,28.0,59.92857142857143
157,Jacob Duffy,0.25,BOWL,9,1,True,0.0,0.0,0.0,0.0,0.0,0.0,0.0,0.0,0.0,0.0,0.0,0.0,0.0,0.0,0.0,0.0,0.0,0.0,0.0,0.0,0.0
158,Luke Wood,0.25,BOWL,9,1,True,0.0,0.0,0.0,0.0,0.0,0.0,0.0,0.0,0.0,0.0,0.0,0.0,0.0,0.0,0.0,0.0,0.0,0.0,0.0,0.0,0.0
159,Kartik Tyagi,0.25,BOWL,9,1,False,572.0,28.6,40.65697324794617,148.0,-24.0,14.0,0.7,308.0,15.4,30.0,1.5,13.0,0.65,7.0,16.0,0.8,2.0,3.0,0.15,20.0,28.6
160,Ishant Sharma,0.25,BOWL,9,1,False,0.0,0.0,0.0,0.0,0.0,0.0,0.0,0.0,0.0,0.0,0.0,0.0,0.0,0.0,0.0,0.0,0.0,0.0,0.0,0.0,0.0
161,Vijaykumar Vyshak,0.25,BOWL,9,1,False,810.0,50.625,62.42101675984887,224.0,-12.0,26.0,1.625,564.0,35.25,60.0,3.75,14.0,0.875,13.0,21.0,1.3125,4.0,5.0,0.3125,14.0,57.857142857142854
162,Ben Dwarshuis,0.25,BOWL,9,1,True,0.0,0.0,0.0,0.0,0.0,0.0,0.0,0.0,0.0,0.0,0.0,0.0,0.0,0.0,0.0,0.0,0.0,0.0,0.0,0.0,0.0
163,Sushant Mishra,0.25,BOWL,9,1,False,0.0,0.0,0.0,0.0,0.0,0.0,0.0,0.0,0.0,0.0,0.0,0.0,0.0,0.0,0.0,0.0,0.0,0.0,0.0,0.0,0.0
164,Prince Yadav,0.25,BOWL,9,1,False,202.0,33.666666666666664,36.423435679060624,102.0,1.0,-20.0,-3.3333333333333335,132.0,22.0,40.0,6.666666666666667,5.0,0.8333333333333334,4.0,5.0,0.8333333333333334,2.0,2.0,0.3333333333333333,6.0,33.666666666666664
165,Adam Milne,0.25,BOWL,9,1,True,0.0,0.0,0.0,0.0,0.0,0.0,0.0,0.0,0.0,0.0,0.0,0.0,0.0,0.0,0.0,0.0,0.0,0.0,0.0,0.0,0.0
166,Gurjapneet Singh,0.25,BOWL,9,1,False,0.0,0.0,0.0,0.0,0.0,0.0,0.0,0.0,0.0,0.0,0.0,0.0,0.0,0.0,0.0,0.0,0.0,0.0,0.0,0.0,0.0
167,Yudhvir Singh,0.25,BOWL,9,1,False,256.0,28.444444444444443,40.88126438575228,104.0,-9.0,37.0,4.111111111111111,124.0,13.777777777777779,0.0,0.0,22.0,2.4444444444444446,14.0,8.0,0.8888888888888888,3.0,0.0,0.0,9.0,28.444444444444443
168,Nuwan Thushara,0.25,BOWL,9,1,True,0.0,0.0,0.0,0.0,0.0,0.0,0.0,0.0,0.0,0.0,0.0,0.0,0.0,0.0,0.0,0.0,0.0,0.0,0.0,0.0,0.0
169,Kuldeep Sen,0.25,BOWL,9,1,False,0.0,0.0,0.0,0.0,0.0,0.0,0.0,0.0,0.0,0.0,0.0,0.0,0.0,0.0,0.0,0.0,0.0,0.0,0.0,0.0,0.0
170,Mayank Markande,0.25,BOWL,9,1,False,0.0,0.0,0.0,0.0,0.0,0.0,0.0,0.0,0.0,0.0,0.0,0.0,0.0,0.0,0.0,0.0,0.0,0.0,0.0,0.0,0.0
171,Vicky Ostwal,0.25,BOWL,9,1,False,0.0,0.0,0.0,0.0,0.0,0.0,0.0,0.0,0.0,0.0,0.0,0.0,0.0,0.0,0.0,0.0,0.0,0.0,0.0,0.0,0.0
172,Dushmantha Chameera,0.25,BOWL,9,1,True,0.0,0.0,0.0,0.0,0.0,0.0,0.0,0.0,0.0,0.0,0.0,0.0,0.0,0.0,0.0,0.0,0.0,0.0,0.0,0.0,0.0
173,Kwena Maphaka,0.25,BOWL,9,1,True,0.0,0.0,0.0,0.0,0.0,0.0,0.0,0.0,0.0,0.0,0.0,0.0,0.0,0.0,0.0,0.0,0.0,0.0,0.0,0.0,0.0
174,Anrich Nortje,0.25,BOWL,9,1,True,0.0,0.0,0.0,0.0,0.0,0.0,0.0,0.0,0.0,0.0,0.0,0.0,0.0,0.0,0.0,0.0,0.0,0.0,0.0,0.0,0.0
175,Brijesh Sharma,0.25,BOWL,9,1,False,0.0,0.0,0.0,0.0,0.0,0.0,0.0,0.0,0.0,0.0,0.0,0.0,0.0,0.0,0.0,0.0,0.0,0.0,0.0,0.0,0.0
176,Mukesh Choudhary,0.25,BOWL,9,1,False,758.0,47.375,73.48457888110492,207.0,-23.0,7.0,0.4375,551.0,34.4375,30.0,1.875,6.0,0.375,4.0,17.0,1.0625,4.0,3.0,0.1875,16.0,47.375
177,Manav Suthar,0.25,BOWL,9,1,False,0.0,0.0,0.0,0.0,0.0,0.0,0.0,0.0,0.0,0.0,0.0,0.0,0.0,0.0,0.0,0.0,0.0,0.0,0.0,0.0,0.0
178,Matt Henry,0.25,BOWL,9,1,True,0.0,0.0,0.0,0.0,0.0,0.0,0.0,0.0,0.0,0.0,0.0,0.0,0.0,0.0,0.0,0.0,0.0,0.0,0.0,0.0,0.0
179,Vishal Nishad,0.25,BOWL,9,1,False,0.0,0.0,0.0,0.0,0.0,0.0,0.0,0.0,0.0,0.0,0.0,0.0,0.0,0.0,0.0,0.0,0.0,0.0,0.0,0.0,0.0
180,Akash Singh,0.25,BOWL,9,1,False,363.0,36.3,34.766043458779976,75.0,-22.0,0.0,0.0,253.0,25.3,10.0,1.0,0.0,0.0,0.0,9.0,0.9,2.0,1.0,0.1,10.0,36.3
181,Manimaran Siddharth,0.25,BOWL,9,1,False,0.0,0.0,0.0,0.0,0.0,0.0,0.0,0.0,0.0,0.0,0.0,0.0,0.0,0.0,0.0,0.0,0.0,0.0,0.0,0.0,0.0
182,Praveen Dubey,0.25,BOWL,9,1,False,0.0,0.0,0.0,0.0,0.0,0.0,0.0,0.0,0.0,0.0,0.0,0.0,0.0,0.0,0.0,0.0,0.0,0.0,0.0,0.0,0.0
183,Yash Thakur,0.25,BOWL,9,1,False,1123.0,53.476190476190474,81.91008426782325,328.0,-22.0,0.0,0.0,838.0,39.904761904761905,30.0,1.4285714285714286,0.0,0.0,0.0,28.0,1.3333333333333333,5.0,2.0,0.09523809523809523,20.0,56.15
184,Abhinandan Singh,0.25,BOWL,9,1,False,0.0,0.0,0.0,0.0,0.0,0.0,0.0,0.0,0.0,0.0,0.0,0.0,0.0,0.0,0.0,0.0,0.0,0.0,0.0,0.0,0.0
185,Ramakrishna Ghosh,0.25,BOWL,9,1,False,0.0,0.0,0.0,0.0,0.0,0.0,0.0,0.0,0.0,0.0,0.0,0.0,0.0,0.0,0.0,0.0,0.0,0.0,0.0,0.0,0.0
186,Arjun Tendulkar,0.25,BOWL,9,1,False,200.0,40.0,41.10352782912922,87.0,2.0,25.0,5.0,130.0,26.0,0.0,0.0,13.0,2.6,13.0,4.0,0.8,2.0,0.0,0.0,5.0,40.0
187,Jayant Yadav,0.25,BOWL,9,1,False,0.0,0.0,0.0,0.0,0.0,0.0,0.0,0.0,0.0,0.0,0.0,0.0,0.0,0.0,0.0,0.0,0.0,0.0,0.0,0.0,0.0
188,Tripurana Vijay,0.25,BOWL,9,1,False,0.0,0.0,0.0,0.0,0.0,0.0,0.0,0.0,0.0,0.0,0.0,0.0,0.0,0.0,0.0,0.0,0.0,0.0,0.0,0.0,0.0
189,Ashok Sharma,0.25,BOWL,9,1,False,0.0,0.0,0.0,0.0,0.0,0.0,0.0,0.0,0.0,0.0,0.0,0.0,0.0,0.0,0.0,0.0,0.0,0.0,0.0,0.0,0.0
190,Gurnoor Brar,0.25,BOWL,9,1,False,-18.0,-18.0,0.0,-18.0,-18.0,0.0,0.0,-23.0,-23.0,0.0,0.0,0.0,0.0,0.0,0.0,0.0,0.0,0.0,0.0,1.0,-18.0
191,Raghu Sharma,0.25,BOWL,9,1,False,0.0,0.0,0.0,0.0,0.0,0.0,0.0,0.0,0.0,0.0,0.0,0.0,0.0,0.0,0.0,0.0,0.0,0.0,0.0,0.0,0.0
192,Prashant Solanki,0.25,BOWL,9,1,False,0.0,0.0,0.0,0.0,0.0,0.0,0.0,0.0,0.0,0.0,0.0,0.0,0.0,0.0,0.0,0.0,0.0,0.0,0.0,0.0,0.0
193,Satvik Deswal,0.25,BOWL,9,1,False,0.0,0.0,0.0,0.0,0.0,0.0,0.0,0.0,0.0,0.0,0.0,0.0,0.0,0.0,0.0,0.0,0.0,0.0,0.0,0.0,0.0
194,Yash Raj Punja,0.25,BOWL,9,1,False,0.0,0.0,0.0,0.0,0.0,0.0,0.0,0.0,0.0,0.0,0.0,0.0,0.0,0.0,0.0,0.0,0.0,0.0,0.0,0.0,0.0
195,Prithvi Raj,0.25,BOWL,9,1,False,0.0,0.0,0.0,0.0,0.0,0.0,0.0,0.0,0.0,0.0,0.0,0.0,0.0,0.0,0.0,0.0,0.0,0.0,0.0,0.0,0.0
196,Sakib Hussain,0.25,BOWL,9,1,False,0.0,0.0,0.0,0.0,0.0,0.0,0.0,0.0,0.0,0.0,0.0,0.0,0.0,0.0,0.0,0.0,0.0,0.0,0.0,0.0,0.0
197,Amit Kumar,0.25,BOWL,9,1,False,0.0,0.0,0.0,0.0,0.0,0.0,0.0,0.0,0.0,0.0,0.0,0.0,0.0,0.0,0.0,0.0,0.0,0.0,0.0,0.0,0.0
198,Krains Fuletra,0.25,BOWL,9,1,False,0.0,0.0,0.0,0.0,0.0,0.0,0.0,0.0,0.0,0.0,0.0,0.0,0.0,0.0,0.0,0.0,0.0,0.0,0.0,0.0,0.0
199,Onkar Tarmale,0.25,BOWL,9,1,False,0.0,0.0,0.0,0.0,0.0,0.0,0.0,0.0,0.0,0.0,0.0,0.0,0.0,0.0,0.0,0.0,0.0,0.0,0.0,0.0,0.0
200,Praful Hinge,0.25,BOWL,9,1,False,0.0,0.0,0.0,0.0,0.0,0.0,0.0,0.0,0.0,0.0,0.0,0.0,0.0,0.0,0.0,0.0,0.0,0.0,0.0,0.0,0.0
201,Shivang Kumar,0.25,BOWL,9,1,False,0.0,0.0,0.0,0.0,0.0,0.0,0.0,0.0,0.0,0.0,0.0,0.0,0.0,0.0,0.0,0.0,0.0,0.0,0.0,0.0,0.0
202,Naman Tiwari,0.25,BOWL,9,1,False,0.0,0.0,0.0,0.0,0.0,0.0,0.0,0.0,0.0,0.0,0.0,0.0,0.0,0.0,0.0,0.0,0.0,0.0,0.0,0.0,0.0
203,Mohd Izhar,0.25,BOWL,9,1,False,0.0,0.0,0.0,0.0,0.0,0.0,0.0,0.0,0.0,0.0,0.0,0.0,0.0,0.0,0.0,0.0,0.0,0.0,0.0,0.0,0.0
204,Sarfaraz Khan,0.25,BAT,10,1,False,0.0,0.0,0.0,0.0,0.0,0.0,0.0,0.0,0.0,0.0,0.0,0.0,0.0,0.0,0.0,0.0,0.0,0.0,0.0,0.0,0.0
205,Prithvi Shaw,0.25,BAT,10,1,False,0.0,0.0,0.0,0.0,0.0,0.0,0.0,0.0,0.0,0.0,0.0,0.0,0.0,0.0,0.0,0.0,0.0,0.0,0.0,0.0,0.0
206,Manish Pandey,0.25,BAT,10,1,False,0.0,0.0,0.0,0.0,0.0,0.0,0.0,0.0,0.0,0.0,0.0,0.0,0.0,0.0,0.0,0.0,0.0,0.0,0.0,0.0,0.0
207,Shubham Dubey,0.25,BAT,10,1,False,0.0,0.0,0.0,0.0,0.0,0.0,0.0,0.0,0.0,0.0,0.0,0.0,0.0,0.0,0.0,0.0,0.0,0.0,0.0,0.0,0.0
208,Himmat Singh,0.25,BAT,10,1,False,45.0,15.0,10.0,25.0,5.0,0.0,0.0,0.0,0.0,10.0,3.3333333333333335,0.0,0.0,0.0,0.0,0.0,0.0,1.0,0.3333333333333333,3.0,15.0
209,Matthew Breetzke,0.25,BAT,10,1,True,0.0,0.0,0.0,0.0,0.0,0.0,0.0,0.0,0.0,0.0,0.0,0.0,0.0,0.0,0.0,0.0,0.0,0.0,0.0,0.0,0.0
210,Harnoor Singh,0.25,BAT,10,1,False,0.0,0.0,0.0,0.0,0.0,0.0,0.0,0.0,0.0,0.0,0.0,0.0,0.0,0.0,0.0,0.0,0.0,0.0,0.0,0.0,0.0
211,Ravichandran Smaran,0.25,BAT,10,1,False,0.0,0.0,0.0,0.0,0.0,0.0,0.0,0.0,0.0,0.0,0.0,0.0,0.0,0.0,0.0,0.0,0.0,0.0,0.0,0.0,0.0
212,Pyla Avinash,0.25,BAT,10,1,False,0.0,0.0,0.0,0.0,0.0,0.0,0.0,0.0,0.0,0.0,0.0,0.0,0.0,0.0,0.0,0.0,0.0,0.0,0.0,0.0,0.0
213,Sahil Parakh,0.25,BAT,10,1,False,0.0,0.0,0.0,0.0,0.0,0.0,0.0,0.0,0.0,0.0,0.0,0.0,0.0,0.0,0.0,0.0,0.0,0.0,0.0,0.0,0.0
214,Sarthak Ranjan,0.25,BAT,10,1,False,0.0,0.0,0.0,0.0,0.0,0.0,0.0,0.0,0.0,0.0,0.0,0.0,0.0,0.0,0.0,0.0,0.0,0.0,0.0,0.0,0.0
215,Akshat Raghuwanshi,0.25,BAT,10,1,False,0.0,0.0,0.0,0.0,0.0,0.0,0.0,0.0,0.0,0.0,0.0,0.0,0.0,0.0,0.0,0.0,0.0,0.0,0.0,0.0,0.0
216,Mukul Choudhary,0.25,BAT,10,1,False,0.0,0.0,0.0,0.0,0.0,0.0,0.0,0.0,0.0,0.0,0.0,0.0,0.0,0.0,0.0,0.0,0.0,0.0,0.0,0.0,0.0
217,Danish Malewar,0.25,BAT,10,1,False,0.0,0.0,0.0,0.0,0.0,0.0,0.0,0.0,0.0,0.0,0.0,0.0,0.0,0.0,0.0,0.0,0.0,0.0,0.0,0.0,0.0
218,Aman Rao,0.25,BAT,10,1,False,0.0,0.0,0.0,0.0,0.0,0.0,0.0,0.0,0.0,0.0,0.0,0.0,0.0,0.0,0.0,0.0,0.0,0.0,0.0,0.0,0.0
219,Ravi Singh,0.25,BAT,10,1,False,0.0,0.0,0.0,0.0,0.0,0.0,0.0,0.0,0.0,0.0,0.0,0.0,0.0,0.0,0.0,0.0,0.0,0.0,0.0,0.0,0.0
220,Cooper Connolly,0.25,AR,11,1,True,0.0,0.0,0.0,0.0,0.0,0.0,0.0,0.0,0.0,0.0,0.0,0.0,0.0,0.0,0.0,0.0,0.0,0.0,0.0,0.0,0.0
221,Wanindu Hasaranga,0.25,AR,11,1,True,0.0,0.0,0.0,0.0,0.0,0.0,0.0,0.0,0.0,0.0,0.0,0.0,0.0,0.0,0.0,0.0,0.0,0.0,0.0,0.0,0.0
222,Anukul Roy,0.25,AR,11,1,False,0.0,0.0,0.0,0.0,0.0,0.0,0.0,0.0,0.0,0.0,0.0,0.0,0.0,0.0,0.0,0.0,0.0,0.0,0.0,0.0,0.0
223,Kamindu Mendis,0.25,AR,11,1,True,0.0,0.0,0.0,0.0,0.0,0.0,0.0,0.0,0.0,0.0,0.0,0.0,0.0,0.0,0.0,0.0,0.0,0.0,0.0,0.0,0.0
224,Shreyas Gopal,0.25,AR,11,1,False,0.0,0.0,0.0,0.0,0.0,0.0,0.0,0.0,0.0,0.0,0.0,0.0,0.0,0.0,0.0,0.0,0.0,0.0,0.0,0.0,0.0
225,Jamie Overton,0.25,AR,11,1,True,0.0,0.0,0.0,0.0,0.0,0.0,0.0,0.0,0.0,0.0,0.0,0.0,0.0,0.0,0.0,0.0,0.0,0.0,0.0,0.0,0.0
226,Zak Foulkes,0.25,AR,11,1,True,0.0,0.0,0.0,0.0,0.0,0.0,0.0,0.0,0.0,0.0,0.0,0.0,0.0,0.0,0.0,0.0,0.0,0.0,0.0,0.0,0.0
227,Jack Edwards,0.25,AR,11,1,True,0.0,0.0,0.0,0.0,0.0,0.0,0.0,0.0,0.0,0.0,0.0,0.0,0.0,0.0,0.0,0.0,0.0,0.0,0.0,0.0,0.0
228,Nishant Sindhu,0.25,AR,11,1,False,0.0,0.0,0.0,0.0,0.0,0.0,0.0,0.0,0.0,0.0,0.0,0.0,0.0,0.0,0.0,0.0,0.0,0.0,0.0,0.0,0.0
229,Madhav Tiwari,0.25,AR,11,1,False,0.0,0.0,0.0,0.0,0.0,0.0,0.0,0.0,0.0,0.0,0.0,0.0,0.0,0.0,0.0,0.0,0.0,0.0,0.0,0.0,0.0
230,Vignesh Puthur,0.25,AR,11,1,False,0.0,0.0,0.0,0.0,0.0,0.0,0.0,0.0,0.0,0.0,0.0,0.0,0.0,0.0,0.0,0.0,0.0,0.0,0.0,0.0,0.0
231,Arshin Kulkarni,0.25,AR,11,1,False,0.0,0.0,0.0,0.0,0.0,0.0,0.0,0.0,0.0,0.0,0.0,0.0,0.0,0.0,0.0,0.0,0.0,0.0,0.0,0.0,0.0
232,Raj Bawa,0.25,AR,11,1,False,0.0,0.0,0.0,0.0,0.0,0.0,0.0,0.0,0.0,0.0,0.0,0.0,0.0,0.0,0.0,0.0,0.0,0.0,0.0,0.0,0.0
233,Musheer Khan,0.25,AR,11,1,False,6.0,6.0,0.0,6.0,6.0,0.0,0.0,1.0,1.0,0.0,0.0,0.0,0.0,0.0,1.0,1.0,1.0,0.0,0.0,0.0,inf
234,Ajay Mandal,0.25,AR,11,1,False,0.0,0.0,0.0,0.0,0.0,0.0,0.0,0.0,0.0,0.0,0.0,0.0,0.0,0.0,0.0,0.0,0.0,0.0,0.0,0.0,0.0
235,Swapnil Singh,0.25,AR,11,1,False,469.0,33.5,39.95526344454604,114.0,-14.0,80.0,5.714285714285714,199.0,14.214285714285714,30.0,2.142857142857143,51.0,3.642857142857143,15.0,7.0,0.5,2.0,2.0,0.14285714285714285,13.0,36.07692307692308
236,Kanishk Chouhan,0.25,AR,11,1,False,0.0,0.0,0.0,0.0,0.0,0.0,0.0,0.0,0.0,0.0,0.0,0.0,0.0,0.0,0.0,0.0,0.0,0.0,0.0,0.0,0.0
237,Vihaan Malhotra,0.25,AR,11,1,False,0.0,0.0,0.0,0.0,0.0,0.0,0.0,0.0,0.0,0.0,0.0,0.0,0.0,0.0,0.0,0.0,0.0,0.0,0.0,0.0,0.0
238,Aman Khan,0.25,AR,11,1,False,0.0,0.0,0.0,0.0,0.0,0.0,0.0,0.0,0.0,0.0,0.0,0.0,0.0,0.0,0.0,0.0,0.0,0.0,0.0,0.0,0.0
239,Daksh Kamra,0.25,AR,11,1,False,0.0,0.0,0.0,0.0,0.0,0.0,0.0,0.0,0.0,0.0,0.0,0.0,0.0,0.0,0.0,0.0,0.0,0.0,0.0,0.0,0.0
240,Atharva Ankolekar,0.25,AR,11,1,False,0.0,0.0,0.0,0.0,0.0,0.0,0.0,0.0,0.0,0.0,0.0,0.0,0.0,0.0,0.0,0.0,0.0,0.0,0.0,0.0,0.0
241,Mayank Rawat,0.25,AR,11,1,False,0.0,0.0,0.0,0.0,0.0,0.0,0.0,0.0,0.0,0.0,0.0,0.0,0.0,0.0,0.0,0.0,0.0,0.0,0.0,0.0,0.0
242,Abishek Porel,0.25,WK,12,1,False,1500.0,46.875,40.4935279575837,143.0,-5.0,1100.0,34.375,0.0,0.0,120.0,3.75,661.0,20.65625,65.0,0.0,0.0,0.0,9.0,0.28125,32.0,46.875
243,Jordan Cox,0.25,WK,12,1,True,0.0,0.0,0.0,0.0,0.0,0.0,0.0,0.0,0.0,0.0,0.0,0.0,0.0,0.0,0.0,0.0,0.0,0.0,0.0,0.0,0.0
244,Lhuan-dre Pretorius,0.25,WK,12,1,True,0.0,0.0,0.0,0.0,0.0,0.0,0.0,0.0,0.0,0.0,0.0,0.0,0.0,0.0,0.0,0.0,0.0,0.0,0.0,0.0,0.0
245,Anuj Rawat,0.25,WK,12,1,False,842.0,35.083333333333336,42.18789921979655,175.0,-5.0,382.0,15.916666666666666,0.0,0.0,180.0,7.5,318.0,13.25,66.0,0.0,0.0,0.0,16.0,0.6666666666666666,24.0,35.083333333333336
246,Urvil Patel,0.25,WK,12,1,True,210.0,70.0,65.0,110.0,-5.0,155.0,51.666666666666664,0.0,0.0,20.0,6.666666666666667,68.0,22.666666666666668,37.0,0.0,0.0,0.0,2.0,0.6666666666666666,3.0,70.0
247,Robin Minz,0.25,WK,12,1,False,0.0,0.0,0.0,0.0,0.0,0.0,0.0,0.0,0.0,0.0,0.0,0.0,0.0,0.0,0.0,0.0,0.0,0.0,0.0,0.0,0.0
248,Kumar Kushagra,0.25,WK,12,1,False,33.0,8.25,10.04572877727976,17.0,-5.0,-7.0,-1.75,0.0,0.0,10.0,2.5,3.0,0.75,2.0,0.0,0.0,0.0,1.0,0.25,4.0,8.25
249,Vishnu Vinod,0.25,WK,12,1,False,130.0,21.666666666666668,28.521337042057947,71.0,-5.0,30.0,5.0,0.0,0.0,40.0,6.666666666666667,56.0,9.333333333333334,30.0,0.0,0.0,0.0,0.0,0.0,5.0,26.0
