player_id,player_name,category,base_price,is_overseas,set_number,auction_status
1,Josh Hazlewood,BOWL,2.0,True,1,unsold
2,Varun Chakravarthy,BOWL,2.0,False,1,unsold
3,Jasprit Bumrah,BOWL,2.0,False,1,unsold
4,Trent Boult,BOWL,2.0,True,1,unsold
5,Noor Ahmad,BOWL,2.0,False,1,unsold
6,Arshdeep Singh,BOWL,2.0,False,1,unsold
7,Prasidh Krishna,BOWL,2.0,False,1,unsold
8,Marco Jansen,BOWL,2.0,True,1,unsold
9,Mitchell Starc,BOWL,2.0,True,1,unsold
10,Mohammed Siraj,BOWL,2.0,False,1,unsold
11,Kuldeep Yadav,BOWL,2.0,False,1,unsold
12,Bhuvneshwar Kumar,BOWL,2.0,False,1,unsold
13,Harshit Rana,BOWL,2.0,False,1,unsold
14,Jofra Archer,BOWL,2.0,True,1,unsold
15,Mohammed Shami,BOWL,2.0,False,1,unsold
16,Kagiso Rabada,BOWL,1.5,True,1,unsold
17,Nathan Ellis,BOWL,1.5,True,1,unsold
18,Akash Deep,BOWL,1.5,False,1,unsold
19,Sai Kishore,BOWL,1.5,False,1,unsold
20,Vaibhav Arora,BOWL,1.5,False,1,unsold
21,Yuzvendra Chahal,BOWL,1.5,False,1,unsold
22,Matheesha Pathirana,BOWL,1.5,True,1,unsold
23,Digvesh Rathi,BOWL,1.5,False,1,unsold
24,Khaleel Ahmed,BOWL,1.5,False,1,unsold
25,Vipraj Nigam,BOWL,1.5,False,1,unsold
26,Suryakumar Yadav,BAT,2.0,False,2,unsold
27,Shreyas Iyer,BAT,2.0,False,2,unsold
28,Virat Kohli,BAT,2.0,False,2,unsold
29,Travis Head,BAT,2.0,True,2,unsold
30,Sai Sudharsan,BAT,2.0,False,2,unsold
31,Shubman Gill,BAT,2.0,False,2,unsold
32,Aiden Markram,BAT,2.0,False,2,unsold
33,Rohit Sharma,BAT,2.0,False,2,unsold
34,Yashasvi Jaiswal,BAT,2.0,False,2,unsold
35,Tilak Varma,BAT,2.0,False,2,unsold
36,Ruturaj Gaikwad,BAT,2.0,False,2,unsold
37,Shimron Hetmyer,BAT,2.0,True,2,unsold
38,Rajat Patidar,BAT,2.0,True,2,unsold
39,Finn Allen,BAT,2.0,True,2,unsold
40,Tristan Stubbs,BAT,2.0,True,2,unsold
41,Tim David,BAT,2.0,True,2,unsold
42,Rinku Singh,BAT,2.0,False,2,unsold
43,Dewald Brevis,BAT,2.0,True,2,unsold
44,David Miller,BAT,2.0,True,2,unsold
45,Pathum Nissanka,BAT,2.0,True,2,unsold
46,Abhishek Sharma,AR,2.0,False,3,unsold
47,Sunil Narine,AR,2.0,True,3,unsold
48,Mitchell Marsh,AR,2.0,True,3,unsold
49,Cameron Green,AR,2.0,True,3,unsold
50,Sam Curran,AR,2.0,True,3,unsold
51,Hardik Pandya,AR,2.0,False,3,unsold
52,Krunal Pandya,AR,2.0,False,3,unsold
53,Pat Cummins,AR,2.0,True,3,unsold
54,Ravindra Jadeja,AR,2.0,False,3,unsold
55,Axar Patel,AR,2.0,True,3,unsold
56,Riyan Parag,AR,2.0,False,3,unsold
57,Mitchell Santner,AR,2.0,True,3,unsold
58,Shivam Dube,AR,2.0,False,3,unsold
59,Washington Sundar,AR,2.0,False,3,unsold
60,Glenn Phillips,AR,2.0,True,3,unsold
61,Rashid Khan,AR,2.0,True,3,unsold
62,Nitish Kumar Reddy,AR,2.0,True,3,unsold
63,Azmatullah Omarzai,AR,2.0,True,3,unsold
64,Marcus Stoinis,AR,2.0,True,3,unsold
65,Venkatesh Iyer,AR,2.0,False,3,unsold
66,Jos Buttler,WK,2.0,True,4,unsold
67,Heinrich Klaasen,WK,2.0,True,4,unsold
68,KL Rahul,WK,2.0,False,4,unsold
69,Nicholas Pooran,WK,2.0,True,4,unsold
70,Ishan Kishan,WK,2.0,False,4,unsold
71,Ryan Rickelton,WK,2.0,False,4,unsold
72,Phil Salt,WK,2.0,False,4,unsold
73,Sanju Samson,WK,2.0,True,4,unsold
74,Tim Seifert,WK,2.0,True,4,unsold
75,Rishabh Pant,WK,2.0,False,4,unsold
76,Deepak Chahar,BOWL,1.0,False,5,unsold
77,Shardul Thakur,BOWL,1.0,False,5,unsold
78,Suyash Sharma,BOWL,1.0,False,5,unsold
79,Jaydev Unadkat,BOWL,1.0,False,5,unsold
80,Yash Dayal,BOWL,1.0,False,5,unsold
81,Harpreet Brar,BOWL,1.0,False,5,unsold
82,Mukesh Kumar,BOWL,1.0,False,5,unsold
83,Avesh Khan,BOWL,1.0,False,5,unsold
84,Ravi Bishnoi,BOWL,1.0,False,5,unsold
85,Eshan Malinga,BOWL,1.0,False,5,unsold
86,Rasikh Salam,BOWL,1.0,False,5,unsold
87,Tushar Deshpande,BOWL,1.0,False,5,unsold
88,Xavier Bartlett,BOWL,1.0,True,5,unsold
89,Lockie Ferguson,BOWL,1.0,True,5,unsold
90,Sandeep Sharma,BOWL,1.0,False,5,unsold
91,T Natarajan,BOWL,1.0,False,5,unsold
92,Nandre Burger,BOWL,1.0,True,5,unsold
93,Umran Malik,BOWL,1.0,False,5,unsold
94,Lungi Ngidi,BOWL,1.0,True,5,unsold
95,Rahul Chahar,BOWL,1.0,False,5,unsold
96,Akeal Hosein,BOWL,1.0,True,5,unsold
97,Mayank Yadav,BOWL,1.0,False,5,unsold
98,Harsh Dubey,BOWL,1.0,False,5,unsold
99,Zeeshan Ansari,BOWL,1.0,False,5,unsold
100,Auqib Nabi,BOWL,1.0,False,5,unsold
101,Priyansh Arya,BAT,1.0,False,6,unsold
102,Ajinkya Rahane,BAT,1.0,False,6,unsold
103,Nehal Wadhera,BAT,1.0,False,6,unsold
104,Sherfane Rutherford,BAT,1.0,False,6,unsold
105,Angkrish Raghuvanshi,BAT,1.0,False,6,unsold
106,Vaibhav Sooryavanshi,BAT,1.0,False,6,unsold
107,Rahul Tripathi,BAT,1.0,False,6,unsold
108,Rovman Powell,BAT,1.0,False,6,unsold
109,Devdutt Padikkal,BAT,1.0,False,6,unsold
110,Nitish Rana,BAT,1.0,False,6,unsold
111,Ashutosh Sharma,BAT,1.0,False,6,unsold
112,Ayush Mhatre,BAT,1.0,False,6,unsold
113,Abdul Samad,BAT,1.0,True,6,unsold
114,Karun Nair,BAT,1.0,False,6,unsold
115,Rahul Tewatia,BAT,1.0,False,6,unsold
116,Mitchell Owen,BAT,1.0,True,6,unsold
117,Ben Duckett,BAT,1.0,True,6,unsold
118,Jacob Bethell,BAT,1.0,True,6,unsold
119,Aniket Verma,BAT,1.0,False,6,unsold
120,Sameer Rizvi,BAT,1.0,True,6,unsold
121,Will Jacks,AR,1.0,True,7,unsold
122,Harshal Patel,AR,1.0,True,7,unsold
123,Ayush Badoni,AR,1.0,False,7,unsold
124,Romario Shepherd,AR,1.0,False,7,unsold
125,Rachin Ravindra,AR,1.0,False,7,unsold
126,Shashank Singh,AR,1.0,False,7,unsold
127,Naman Dhir,AR,1.0,False,7,unsold
128,Anshul Kamboj,AR,1.0,False,7,unsold
129,Liam Livingstone,AR,1.0,True,7,unsold
130,Ramandeep Singh,AR,1.0,False,7,unsold
131,Corbin Bosch,AR,1.0,True,7,unsold
132,Shahbaz Ahmed,AR,1.0,False,7,unsold
133,Jason Holder,AR,1.0,True,7,unsold
134,Matthew Short,AR,1.0,True,7,unsold
135,Donovan Ferreira,AR,1.0,True,7,unsold
136,Suryansh Shedge,AR,1.0,False,7,unsold
137,Brydon Carse,AR,1.0,True,7,unsold
138,M Shahrukh Khan,AR,1.0,False,7,unsold
139,Mangesh Yadav,AR,1.0,False,7,unsold
140,Prashant Veer,AR,1.0,False,7,unsold
141,Josh Inglis,WK,1.0,True,8,unsold
142,Quinton de Kock,WK,1.0,False,8,unsold
143,Prabhsimran Singh,WK,1.0,False,8,unsold
144,Jitesh Sharma,WK,1.0,False,8,unsold
145,Dhruv Jurel,WK,1.0,False,8,unsold
146,MS Dhoni,WK,1.0,False,8,unsold
147,Tom Banton,WK,0.5,False,8,unsold
148,Kartik Sharma,WK,1.0,False,8,unsold
149,Tejasvi Dahiya,WK,0.5,False,8,unsold
150,Salil Arora,WK,0.5,False,8,unsold
151,Arshad Khan,BOWL,0.25,False,9,unsold
152,Kyle Jamieson,BOWL,0.25,True,9,unsold
153,AM Ghazanfar,BOWL,0.25,False,9,unsold
154,Mohsin Khan,BOWL,0.25,False,9,unsold
155,Ashwani Kumar,BOWL,0.25,False,9,unsold
156,Shivam Mavi,BOWL,0.25,False,9,unsold
157,Jacob Duffy,BOWL,0.25,True,9,unsold
158,Luke Wood,BOWL,0.25,True,9,unsold
159,Kartik Tyagi,BOWL,0.25,False,9,unsold
160,Ishant Sharma,BOWL,0.25,False,9,unsold
161,Vijaykumar Vyshak,BOWL,0.25,False,9,unsold
162,Ben Dwarshuis,BOWL,0.25,True,9,unsold
163,Sushant Mishra,BOWL,0.25,False,9,unsold
164,Prince Yadav,BOWL,0.25,False,9,unsold
165,Adam Milne,BOWL,0.25,True,9,unsold
166,Gurjapneet Singh,BOWL,0.25,False,9,unsold
167,Yudhvir Singh,BOWL,0.25,False,9,unsold
168,Nuwan Thushara,BOWL,0.25,True,9,unsold
169,Kuldeep Sen,BOWL,0.25,False,9,unsold
170,Mayank Markande,BOWL,0.25,False,9,unsold
171,Vicky Ostwal,BOWL,0.25,False,9,unsold
172,Dushmantha Chameera,BOWL,0.25,True,9,unsold
173,Kwena Maphaka,BOWL,0.25,True,9,unsold
174,Anrich Nortje,BOWL,0.25,True,9,unsold
175,Brijesh Sharma,BOWL,0.25,False,9,unsold
176,Mukesh Choudhary,BOWL,0.25,False,9,unsold
177,Manav Suthar,BOWL,0.25,False,9,unsold
178,Matt Henry,BOWL,0.25,True,9,unsold
179,Vishal Nishad,BOWL,0.25,False,9,unsold
180,Akash Singh,BOWL,0.25,False,9,unsold
181,Manimaran Siddharth,BOWL,0.25,False,9,unsold
182,Praveen Dubey,BOWL,0.25,False,9,unsold
183,Yash Thakur,BOWL,0.25,False,9,unsold
184,Abhinandan Singh,BOWL,0.25,False,9,unsold
185,Ramakrishna Ghosh,BOWL,0.25,False,9,unsold
186,Arjun Tendulkar,BOWL,0.25,False,9,unsold
187,Jayant Yadav,BOWL,0.25,False,9,unsold
188,Tripurana Vijay,BOWL,0.25,False,9,unsold
189,Ashok Sharma,BOWL,0.25,False,9,unsold
190,Gurnoor Brar,BOWL,0.25,False,9,unsold
191,Raghu Sharma,BOWL,0.25,False,9,unsold
192,Prashant Solanki,BOWL,0.25,False,9,unsold
193,Satvik Deswal,BOWL,0.25,False,9,unsold
194,Yash Raj Punja,BOWL,0.25,False,9,unsold
195,Prithvi Raj,BOWL,0.25,False,9,unsold
196,Sakib Hussain,BOWL,0.25,False,9,unsold
197,Amit Kumar,BOWL,0.25,False,9,unsold
198,Krains Fuletra,BOWL,0.25,False,9,unsold
199,Onkar Tarmale,BOWL,0.25,False,9,unsold
200,Praful Hinge,BOWL,0.25,False,9,unsold
201,Shivang Kumar,BOWL,0.25,False,9,unsold
202,Naman Tiwari,BOWL,0.25,False,9,unsold
203,Mohd Izhar,BOWL,0.25,False,9,unsold
204,Sarfaraz Khan,BAT,0.25,False,10,unsold
205,Prithvi Shaw,BAT,0.25,False,10,unsold
206,Manish Pandey,BAT,0.25,False,10,unsold
207,Shubham Dubey,BAT,0.25,False,10,unsold
208,Himmat Singh,BAT,0.25,False,10,unsold
209,Matthew Breetzke,BAT,0.25,True,10,unsold
210,Harnoor Singh,BAT,0.25,False,10,unsold
211,Ravichandran Smaran,BAT,0.25,False,10,unsold
212,Pyla Avinash,BAT,0.25,False,10,unsold
213,Sahil Parakh,BAT,0.25,False,10,unsold
214,Sarthak Ranjan,BAT,0.25,False,10,unsold
215,Akshat Raghuwanshi,BAT,0.25,False,10,unsold
216,Mukul Choudhary,BAT,0.25,False,10,unsold
217,Danish Malewar,BAT,0.25,False,10,unsold
218,Aman Rao,BAT,0.25,False,10,unsold
219,Ravi Singh,BAT,0.25,False,10,unsold
220,Cooper Connolly,AR,0.25,True,11,unsold
221,Wanindu Hasaranga,AR,0.25,True,11,unsold
222,Anukul Roy,AR,0.25,False,11,unsold
223,Kamindu Mendis,AR,0.25,True,11,unsold
224,Shreyas Gopal,AR,0.25,False,11,unsold
225,Jamie Overton,AR,0.25,True,11,unsold
226,Zak Foulkes,AR,0.25,True,11,unsold
227,Jack Edwards,AR,0.25,True,11,unsold
228,Nishant Sindhu,AR,0.25,False,11,unsold
229,Madhav Tiwari,AR,0.25,False,11,unsold
230,Vignesh Puthur,AR,0.25,False,11,unsold
231,Arshin Kulkarni,AR,0.25,False,11,unsold
232,Raj Bawa,AR,0.25,False,11,unsold
233,Musheer Khan,AR,0.25,False,11,unsold
234,Ajay Mandal,AR,0.25,False,11,unsold
235,Swapnil Singh,AR,0.25,False,11,unsold
236,Kanishk Chouhan,AR,0.25,False,11,unsold
237,Vihaan Malhotra,AR,0.25,False,11,unsold
238,Aman Khan,AR,0.25,False,11,unsold
239,Daksh Kamra,AR,0.25,False,11,unsold
240,Atharva Ankolekar,AR,0.25,False,11,unsold
241,Mayank Rawat,AR,0.25,False,11,unsold
242,Abishek Porel,WK,0.25,False,12,unsold
243,Jordan Cox,WK,0.25,True,12,unsold
244,Lhuan-dre Pretorius,WK,0.25,True,12,unsold
245,Anuj Rawat,WK,0.25,False,12,unsold
246,Urvil Patel,WK,0.25,True,12,unsold
247,Robin Minz,WK,0.25,False,12,unsold
248,Kumar Kushagra,WK,0.25,False,12,unsold
249,Vishnu Vinod,WK,0.25,False,12,unsold
250,Josh Hazlewood,BOWL,2.0,True,1,unsold
251,Varun Chakravarthy,BOWL,2.0,False,1,unsold
252,Jasprit Bumrah,BOWL,2.0,False,1,unsold
253,Trent Boult,BOWL,2.0,True,1,unsold
254,Noor Ahmad,BOWL,2.0,False,1,unsold
255,Arshdeep Singh,BOWL,2.0,False,1,unsold
256,Prasidh Krishna,BOWL,2.0,False,1,unsold
257,Marco Jansen,BOWL,2.0,True,1,unsold
258,Mitchell Starc,BOWL,2.0,True,1,unsold
259,Mohammed Siraj,BOWL,2.0,False,1,unsold
260,Kuldeep Yadav,BOWL,2.0,False,1,unsold
261,Bhuvneshwar Kumar,BOWL,2.0,False,1,unsold
262,Harshit Rana,BOWL,2.0,False,1,unsold
263,Jofra Archer,BOWL,2.0,True,1,unsold
264,Mohammed Shami,BOWL,2.0,False,1,unsold
265,Kagiso Rabada,BOWL,1.5,True,1,unsold
266,Nathan Ellis,BOWL,1.5,True,1,unsold
267,Akash Deep,BOWL,1.5,False,1,unsold
268,Sai Kishore,BOWL,1.5,False,1,unsold
269,Vaibhav Arora,BOWL,1.5,False,1,unsold
270,Yuzvendra Chahal,BOWL,1.5,False,1,unsold
271,Matheesha Pathirana,BOWL,1.5,True,1,unsold
272,Digvesh Rathi,BOWL,1.5,False,1,unsold
273,Khaleel Ahmed,BOWL,1.5,False,1,unsold
274,Vipraj Nigam,BOWL,1.5,False,1,unsold
275,Suryakumar Yadav,BAT,2.0,False,2,unsold
276,Shreyas Iyer,BAT,2.0,False,2,unsold
277,Virat Kohli,BAT,2.0,False,2,unsold
278,Travis Head,BAT,2.0,True,2,unsold
279,Sai Sudharsan,BAT,2.0,False,2,unsold
280,Shubman Gill,BAT,2.0,False,2,unsold
281,Aiden Markram,BAT,2.0,False,2,unsold
282,Rohit Sharma,BAT,2.0,False,2,unsold
283,Yashasvi Jaiswal,BAT,2.0,False,2,unsold
284,Tilak Varma,BAT,2.0,False,2,unsold
285,Ruturaj Gaikwad,BAT,2.0,False,2,unsold
286,Shimron Hetmyer,BAT,2.0,True,2,unsold
287,Rajat Patidar,BAT,2.0,True,2,unsold
288,Finn Allen,BAT,2.0,True,2,unsold
289,Tristan Stubbs,BAT,2.0,True,2,unsold
290,Tim David,BAT,2.0,True,2,unsold
291,Rinku Singh,BAT,2.0,False,2,unsold
292,Dewald Brevis,BAT,2.0,True,2,unsold
293,David Miller,BAT,2.0,True,2,unsold
294,Pathum Nissanka,BAT,2.0,True,2,unsold
295,Abhishek Sharma,AR,2.0,False,3,unsold
296,Sunil Narine,AR,2.0,True,3,unsold
297,Mitchell Marsh,AR,2.0,True,3,unsold
298,Cameron Green,AR,2.0,True,3,unsold
299,Sam Curran,AR,2.0,True,3,unsold
300,Hardik Pandya,AR,2.0,False,3,unsold
301,Krunal Pandya,AR,2.0,False,3,unsold
302,Pat Cummins,AR,2.0,True,3,unsold
303,Ravindra Jadeja,AR,2.0,False,3,unsold
304,Axar Patel,AR,2.0,True,3,unsold
305,Riyan Parag,AR,2.0,False,3,unsold
306,Mitchell Santner,AR,2.0,True,3,unsold
307,Shivam Dube,AR,2.0,False,3,unsold
308,Washington Sundar,AR,2.0,False,3,unsold
309,Glenn Phillips,AR,2.0,True,3,unsold
310,Rashid Khan,AR,2.0,True,3,unsold
311,Nitish Kumar Reddy,AR,2.0,True,3,unsold
312,Azmatullah Omarzai,AR,2.0,True,3,unsold
313,Marcus Stoinis,AR,2.0,True,3,unsold
314,Venkatesh Iyer,AR,2.0,False,3,unsold
315,Jos Buttler,WK,2.0,True,4,unsold
316,Heinrich Klaasen,WK,2.0,True,4,unsold
317,KL Rahul,WK,2.0,False,4,unsold
318,Nicholas Pooran,WK,2.0,True,4,unsold
319,Ishan Kishan,WK,2.0,False,4,unsold
320,Ryan Rickelton,WK,2.0,False,4,unsold
321,Phil Salt,WK,2.0,False,4,unsold
322,Sanju Samson,WK,2.0,True,4,unsold
323,Tim Seifert,WK,2.0,True,4,unsold
324,Rishabh Pant,WK,2.0,False,4,unsold
325,Deepak Chahar,BOWL,1.0,False,5,unsold
326,Shardul Thakur,BOWL,1.0,False,5,unsold
327,Suyash Sharma,BOWL,1.0,False,5,unsold
328,Jaydev Unadkat,BOWL,1.0,False,5,unsold
329,Yash Dayal,BOWL,1.0,False,5,unsold
330,Harpreet Brar,BOWL,1.0,False,5,unsold
331,Mukesh Kumar,BOWL,1.0,False,5,unsold
332,Avesh Khan,BOWL,1.0,False,5,unsold
333,Ravi Bishnoi,BOWL,1.0,False,5,unsold
334,Eshan Malinga,BOWL,1.0,False,5,unsold
335,Rasikh Salam,BOWL,1.0,False,5,unsold
336,Tushar Deshpande,BOWL,1.0,False,5,unsold
337,Xavier Bartlett,BOWL,1.0,True,5,unsold
338,Lockie Ferguson,BOWL,1.0,True,5,unsold
339,Sandeep Sharma,BOWL,1.0,False,5,unsold
340,T Natarajan,BOWL,1.0,False,5,unsold
341,Nandre Burger,BOWL,1.0,True,5,unsold
342,Umran Malik,BOWL,1.0,False,5,unsold
343,Lungi Ngidi,BOWL,1.0,True,5,unsold
344,Rahul Chahar,BOWL,1.0,False,5,unsold
345,Akeal Hosein,BOWL,1.0,True,5,unsold
346,Mayank Yadav,BOWL,1.0,False,5,unsold
347,Harsh Dubey,BOWL,1.0,False,5,unsold
348,Zeeshan Ansari,BOWL,1.0,False,5,unsold
349,Auqib Nabi,BOWL,1.0,False,5,unsold
350,Priyansh Arya,BAT,1.0,False,6,unsold
351,Ajinkya Rahane,BAT,1.0,False,6,unsold
352,Nehal Wadhera,BAT,1.0,False,6,unsold
353,Sherfane Rutherford,BAT,1.0,False,6,unsold
354,Angkrish Raghuvanshi,BAT,1.0,False,6,unsold
355,Vaibhav Sooryavanshi,BAT,1.0,False,6,unsold
356,Rahul Tripathi,BAT,1.0,False,6,unsold
357,Rovman Powell,BAT,1.0,False,6,unsold
358,Devdutt Padikkal,BAT,1.0,False,6,unsold
359,Nitish Rana,BAT,1.0,False,6,unsold
360,Ashutosh Sharma,BAT,1.0,False,6,unsold
361,Ayush Mhatre,BAT,1.0,False,6,unsold
362,Abdul Samad,BAT,1.0,True,6,unsold
363,Karun Nair,BAT,1.0,False,6,unsold
364,Rahul Tewatia,BAT,1.0,False,6,unsold
365,Mitchell Owen,BAT,1.0,True,6,unsold
366,Ben Duckett,BAT,1.0,True,6,unsold
367,Jacob Bethell,BAT,1.0,True,6,unsold
368,Aniket Verma,BAT,1.0,False,6,unsold
369,Sameer Rizvi,BAT,1.0,True,6,unsold
370,Will Jacks,AR,1.0,True,7,unsold
371,Harshal Patel,AR,1.0,True,7,unsold
372,Ayush Badoni,AR,1.0,False,7,unsold
373,Romario Shepherd,AR,1.0,False,7,unsold
374,Rachin Ravindra,AR,1.0,False,7,unsold
375,Shashank Singh,AR,1.0,False,7,unsold
376,Naman Dhir,AR,1.0,False,7,unsold
377,Anshul Kamboj,AR,1.0,False,7,unsold
378,Liam Livingstone,AR,1.0,True,7,unsold
379,Ramandeep Singh,AR,1.0,False,7,unsold
380,Corbin Bosch,AR,1.0,True,7,unsold
381,Shahbaz Ahmed,AR,1.0,False,7,unsold
382,Jason Holder,AR,1.0,True,7,unsold
383,Matthew Short,AR,1.0,True,7,unsold
384,Donovan Ferreira,AR,1.0,True,7,unsold
385,Suryansh Shedge,AR,1.0,False,7,unsold
386,Brydon Carse,AR,1.0,True,7,unsold
387,M Shahrukh Khan,AR,1.0,False,7,unsold
388,Mangesh Yadav,AR,1.0,False,7,unsold
389,Prashant Veer,AR,1.0,False,7,unsold
390,Josh Inglis,WK,1.0,True,8,unsold
391,Quinton de Kock,WK,1.0,False,8,unsold
392,Prabhsimran Singh,WK,1.0,False,8,unsold
393,Jitesh Sharma,WK,1.0,False,8,unsold
394,Dhruv Jurel,WK,1.0,False,8,unsold
395,MS Dhoni,WK,1.0,False,8,unsold
396,Tom Banton,WK,0.5,False,8,unsold
397,Kartik Sharma,WK,1.0,False,8,unsold
398,Tejasvi Dahiya,WK,0.5,False,8,unsold
399,Salil Arora,WK,0.5,False,8,unsold
400,Arshad Khan,BOWL,0.25,False,9,unsold
401,Kyle Jamieson,BOWL,0.25,True,9,unsold
402,AM Ghazanfar,BOWL,0.25,False,9,unsold
403,Mohsin Khan,BOWL,0.25,False,9,unsold
404,Ashwani Kumar,BOWL,0.25,False,9,unsold
405,Shivam Mavi,BOWL,0.25,False,9,unsold
406,Jacob Duffy,BOWL,0.25,True,9,unsold
407,Luke Wood,BOWL,0.25,True,9,unsold
408,Kartik Tyagi,BOWL,0.25,False,9,unsold
409,Ishant Sharma,BOWL,0.25,False,9,unsold
410,Vijaykumar Vyshak,BOWL,0.25,False,9,unsold
411,Ben Dwarshuis,BOWL,0.25,True,9,unsold
412,Sushant Mishra,BOWL,0.25,False,9,unsold
413,Prince Yadav,BOWL,0.25,False,9,unsold
414,Adam Milne,BOWL,0.25,True,9,unsold
415,Gurjapneet Singh,BOWL,0.25,False,9,unsold
416,Yudhvir Singh,BOWL,0.25,False,9,unsold
417,Nuwan Thushara,BOWL,0.25,True,9,unsold
418,Kuldeep Sen,BOWL,0.25,False,9,unsold
419,Mayank Markande,BOWL,0.25,False,9,unsold
420,Vicky Ostwal,BOWL,0.25,False,9,unsold
421,Dushmantha Chameera,BOWL,0.25,True,9,unsold
422,Kwena Maphaka,BOWL,0.25,True,9,unsold
423,Anrich Nortje,BOWL,0.25,True,9,unsold
424,Brijesh Sharma,BOWL,0.25,False,9,unsold
425,Mukesh Choudhary,BOWL,0.25,False,9,unsold
426,Manav Suthar,BOWL,0.25,False,9,unsold
427,Matt Henry,BOWL,0.25,True,9,unsold
428,Vishal Nishad,BOWL,0.25,False,9,unsold
429,Akash Singh,BOWL,0.25,False,9,unsold
430,Manimaran Siddharth,BOWL,0.25,False,9,unsold
431,Praveen Dubey,BOWL,0.25,False,9,unsold
432,Yash Thakur,BOWL,0.25,False,9,unsold
433,Abhinandan Singh,BOWL,0.25,False,9,unsold
434,Ramakrishna Ghosh,BOWL,0.25,False,9,unsold
435,Arjun Tendulkar,BOWL,0.25,False,9,unsold
436,Jayant Yadav,BOWL,0.25,False,9,unsold
437,Tripurana Vijay,BOWL,0.25,False,9,unsold
438,Ashok Sharma,BOWL,0.25,False,9,unsold
439,Gurnoor Brar,BOWL,0.25,False,9,unsold
440,Raghu Sharma,BOWL,0.25,False,9,unsold
441,Prashant Solanki,BOWL,0.25,False,9,unsold
442,Satvik Deswal,BOWL,0.25,False,9,unsold
443,Yash Raj Punja,BOWL,0.25,False,9,unsold
444,Prithvi Raj,BOWL,0.25,False,9,unsold
445,Sakib Hussain,BOWL,0.25,False,9,unsold
446,Amit Kumar,BOWL,0.25,False,9,unsold
447,Krains Fuletra,BOWL,0.25,False,9,unsold
448,Onkar Tarmale,BOWL,0.25,False,9,unsold
449,Praful Hinge,BOWL,0.25,False,9,unsold
450,Shivang Kumar,BOWL,0.25,False,9,unsold
451,Naman Tiwari,BOWL,0.25,False,9,unsold
452,Mohd Izhar,BOWL,0.25,False,9,unsold
453,Sarfaraz Khan,BAT,0.25,False,10,unsold
454,Prithvi Shaw,BAT,0.25,False,10,unsold
455,Manish Pandey,BAT,0.25,False,10,unsold
456,Shubham Dubey,BAT,0.25,False,10,unsold
457,Himmat Singh,BAT,0.25,False,10,unsold
458,Matthew Breetzke,BAT,0.25,True,10,unsold
459,Harnoor Singh,BAT,0.25,False,10,unsold
460,Ravichandran Smaran,BAT,0.25,False,10,unsold
461,Pyla Avinash,BAT,0.25,False,10,unsold
462,Sahil Parakh,BAT,0.25,False,10,unsold
463,Sarthak Ranjan,BAT,0.25,False,10,unsold
464,Akshat Raghuwanshi,BAT,0.25,False,10,unsold
465,Mukul Choudhary,BAT,0.25,False,10,unsold
466,Danish Malewar,BAT,0.25,False,10,unsold
467,Aman Rao,BAT,0.25,False,10,unsold
468,Ravi Singh,BAT,0.25,False,10,unsold
469,Cooper Connolly,AR,0.25,True,11,unsold
470,Wanindu Hasaranga,AR,0.25,True,11,unsold
471,Anukul Roy,AR,0.25,False,11,unsold
472,Kamindu Mendis,AR,0.25,True,11,unsold
473,Shreyas Gopal,AR,0.25,False,11,unsold
474,Jamie Overton,AR,0.25,True,11,unsold
475,Zak Foulkes,AR,0.25,True,11,unsold
476,Jack Edwards,AR,0.25,True,11,unsold
477,Nishant Sindhu,AR,0.25,False,11,unsold
478,Madhav Tiwari,AR,0.25,False,11,unsold
479,Vignesh Puthur,AR,0.25,False,11,unsold
480,Arshin Kulkarni,AR,0.25,False,11,unsold
481,Raj Bawa,AR,0.25,False,11,unsold
482,Musheer Khan,AR,0.25,False,11,unsold
483,Ajay Mandal,AR,0.25,False,11,unsold
484,Swapnil Singh,AR,0.25,False,11,unsold
485,Kanishk Chouhan,AR,0.25,False,11,unsold
486,Vihaan Malhotra,AR,0.25,False,11,unsold
487,Aman Khan,AR,0.25,False,11,unsold
488,Daksh Kamra,AR,0.25,False,11,unsold
489,Atharva Ankolekar,AR,0.25,False,11,unsold
490,Mayank Rawat,AR,0.25,False,11,unsold
491,Abishek Porel,WK,0.25,False,12,unsold
492,Jordan Cox,WK,0.25,True,12,unsold
493,Lhuan-dre Pretorius,WK,0.25,True,12,unsold
494,Anuj Rawat,WK,0.25,False,12,unsold
495,Urvil Patel,WK,0.25,True,12,unsold
496,Robin Minz,WK,0.25,False,12,unsold
497,Kumar Kushagra,WK,0.25,False,12,unsold
498,Vishnu Vinod,WK,0.25,False,12,unsold
499,Josh Hazlewood,BOWL,2.0,True,1,unsold
500,Varun Chakravarthy,BOWL,2.0,False,1,unsold
501,Jasprit Bumrah,BOWL,2.0,False,1,unsold
502,Trent Boult,BOWL,2.0,True,1,unsold
503,Noor Ahmad,BOWL,2.0,False,1,unsold
504,Arshdeep Singh,BOWL,2.0,False,1,unsold
505,Prasidh Krishna,BOWL,2.0,False,1,unsold
506,Marco Jansen,BOWL,2.0,True,1,unsold
507,Mitchell Starc,BOWL,2.0,True,1,unsold
508,Mohammed Siraj,BOWL,2.0,False,1,unsold
509,Kuldeep Yadav,BOWL,2.0,False,1,unsold
510,Bhuvneshwar Kumar,BOWL,2.0,False,1,unsold
511,Harshit Rana,BOWL,2.0,False,1,unsold
512,Jofra Archer,BOWL,2.0,True,1,unsold
513,Mohammed Shami,BOWL,2.0,False,1,unsold
514,Kagiso Rabada,BOWL,1.5,True,1,unsold
515,Nathan Ellis,BOWL,1.5,True,1,unsold
516,Akash Deep,BOWL,1.5,False,1,unsold
517,Sai Kishore,BOWL,1.5,False,1,unsold
518,Vaibhav Arora,BOWL,1.5,False,1,unsold
519,Yuzvendra Chahal,BOWL,1.5,False,1,unsold
520,Matheesha Pathirana,BOWL,1.5,True,1,unsold
521,Digvesh Rathi,BOWL,1.5,False,1,unsold
522,Khaleel Ahmed,BOWL,1.5,False,1,unsold
523,Vipraj Nigam,BOWL,1.5,False,1,unsold
524,Suryakumar Yadav,BAT,2.0,False,2,unsold
525,Shreyas Iyer,BAT,2.0,False,2,unsold
526,Virat Kohli,BAT,2.0,False,2,unsold
527,Travis Head,BAT,2.0,True,2,unsold
528,Sai Sudharsan,BAT,2.0,False,2,unsold
529,Shubman Gill,BAT,2.0,False,2,unsold
530,Aiden Markram,BAT,2.0,False,2,unsold
531,Rohit Sharma,BAT,2.0,False,2,unsold
532,Yashasvi Jaiswal,BAT,2.0,False,2,unsold
533,Tilak Varma,BAT,2.0,False,2,unsold
534,Ruturaj Gaikwad,BAT,2.0,False,2,unsold
535,Shimron Hetmyer,BAT,2.0,True,2,unsold
536,Rajat Patidar,BAT,2.0,True,2,unsold
537,Finn Allen,BAT,2.0,True,2,unsold
538,Tristan Stubbs,BAT,2.0,True,2,unsold
539,Tim David,BAT,2.0,True,2,unsold
540,Rinku Singh,BAT,2.0,False,2,unsold
541,Dewald Brevis,BAT,2.0,True,2,unsold
542,David Miller,BAT,2.0,True,2,unsold
543,Pathum Nissanka,BAT,2.0,True,2,unsold
544,Abhishek Sharma,AR,2.0,False,3,unsold
545,Sunil Narine,AR,2.0,True,3,unsold
546,Mitchell Marsh,AR,2.0,True,3,unsold
547,Cameron Green,AR,2.0,True,3,unsold
548,Sam Curran,AR,2.0,True,3,unsold
549,Hardik Pandya,AR,2.0,False,3,unsold
550,Krunal Pandya,AR,2.0,False,3,unsold
551,Pat Cummins,AR,2.0,True,3,unsold
552,Ravindra Jadeja,AR,2.0,False,3,unsold
553,Axar Patel,AR,2.0,True,3,unsold
554,Riyan Parag,AR,2.0,False,3,unsold
555,Mitchell Santner,AR,2.0,True,3,unsold
556,Shivam Dube,AR,2.0,False,3,unsold
557,Washington Sundar,AR,2.0,False,3,unsold
558,Glenn Phillips,AR,2.0,True,3,unsold
559,Rashid Khan,AR,2.0,True,3,unsold
560,Nitish Kumar Reddy,AR,2.0,True,3,unsold
561,Azmatullah Omarzai,AR,2.0,True,3,unsold
562,Marcus Stoinis,AR,2.0,True,3,unsold
563,Venkatesh Iyer,AR,2.0,False,3,unsold
564,Jos Buttler,WK,2.0,True,4,unsold
565,Heinrich Klaasen,WK,2.0,True,4,unsold
566,KL Rahul,WK,2.0,False,4,unsold
567,Nicholas Pooran,WK,2.0,True,4,unsold
568,Ishan Kishan,WK,2.0,False,4,unsold
569,Ryan Rickelton,WK,2.0,False,4,unsold
570,Phil Salt,WK,2.0,False,4,unsold
571,Sanju Samson,WK,2.0,True,4,unsold
572,Tim Seifert,WK,2.0,True,4,unsold
573,Rishabh Pant,WK,2.0,False,4,unsold
574,Deepak Chahar,BOWL,1.0,False,5,unsold
575,Shardul Thakur,BOWL,1.0,False,5,unsold
576,Suyash Sharma,BOWL,1.0,False,5,unsold
577,Jaydev Unadkat,BOWL,1.0,False,5,unsold
578,Yash Dayal,BOWL,1.0,False,5,unsold
579,Harpreet Brar,BOWL,1.0,False,5,unsold
580,Mukesh Kumar,BOWL,1.0,False,5,unsold
581,Avesh Khan,BOWL,1.0,False,5,unsold
582,Ravi Bishnoi,BOWL,1.0,False,5,unsold
583,Eshan Malinga,BOWL,1.0,False,5,unsold
584,Rasikh Salam,BOWL,1.0,False,5,unsold
585,Tushar Deshpande,BOWL,1.0,False,5,unsold
586,Xavier Bartlett,BOWL,1.0,True,5,unsold
587,Lockie Ferguson,BOWL,1.0,True,5,unsold
588,Sandeep Sharma,BOWL,1.0,False,5,unsold
589,T Natarajan,BOWL,1.0,False,5,unsold
590,Nandre Burger,BOWL,1.0,True,5,unsold
591,Umran Malik,BOWL,1.0,False,5,unsold
592,Lungi Ngidi,BOWL,1.0,True,5,unsold
593,Rahul Chahar,BOWL,1.0,False,5,unsold
594,Akeal Hosein,BOWL,1.0,True,5,unsold
595,Mayank Yadav,BOWL,1.0,False,5,unsold
596,Harsh Dubey,BOWL,1.0,False,5,unsold
597,Zeeshan Ansari,BOWL,1.0,False,5,unsold
598,Auqib Nabi,BOWL,1.0,False,5,unsold
599,Priyansh Arya,BAT,1.0,False,6,unsold
600,Ajinkya Rahane,BAT,1.0,False,6,unsold
601,Nehal Wadhera,BAT,1.0,False,6,unsold
602,Sherfane Rutherford,BAT,1.0,False,6,unsold
603,Angkrish Raghuvanshi,BAT,1.0,False,6,unsold
604,Vaibhav Sooryavanshi,BAT,1.0,False,6,unsold
605,Rahul Tripathi,BAT,1.0,False,6,unsold
606,Rovman Powell,BAT,1.0,False,6,unsold
607,Devdutt Padikkal,BAT,1.0,False,6,unsold
608,Nitish Rana,BAT,1.0,False,6,unsold
609,Ashutosh Sharma,BAT,1.0,False,6,unsold
610,Ayush Mhatre,BAT,1.0,False,6,unsold
611,Abdul Samad,BAT,1.0,True,6,unsold
612,Karun Nair,BAT,1.0,False,6,unsold
613,Rahul Tewatia,BAT,1.0,False,6,unsold
614,Mitchell Owen,BAT,1.0,True,6,unsold
615,Ben Duckett,BAT,1.0,True,6,unsold
616,Jacob Bethell,BAT,1.0,True,6,unsold
617,Aniket Verma,BAT,1.0,False,6,unsold
618,Sameer Rizvi,BAT,1.0,True,6,unsold
619,Will Jacks,AR,1.0,True,7,unsold
620,Harshal Patel,AR,1.0,True,7,unsold
621,Ayush Badoni,AR,1.0,False,7,unsold
622,Romario Shepherd,AR,1.0,False,7,unsold
623,Rachin Ravindra,AR,1.0,False,7,unsold
624,Shashank Singh,AR,1.0,False,7,unsold
625,Naman Dhir,AR,1.0,False,7,unsold
626,Anshul Kamboj,AR,1.0,False,7,unsold
627,Liam Livingstone,AR,1.0,True,7,unsold
628,Ramandeep Singh,AR,1.0,False,7,unsold
629,Corbin Bosch,AR,1.0,True,7,unsold
630,Shahbaz Ahmed,AR,1.0,False,7,unsold
631,Jason Holder,AR,1.0,True,7,unsold
632,Matthew Short,AR,1.0,True,7,unsold
633,Donovan Ferreira,AR,1.0,True,7,unsold
634,Suryansh Shedge,AR,1.0,False,7,unsold
635,Brydon Carse,AR,1.0,True,7,unsold
636,M Shahrukh Khan,AR,1.0,False,7,unsold
637,Mangesh Yadav,AR,1.0,False,7,unsold
638,Prashant Veer,AR,1.0,False,7,unsold
639,Josh Inglis,WK,1.0,True,8,unsold
640,Quinton de Kock,WK,1.0,False,8,unsold
641,Prabhsimran Singh,WK,1.0,False,8,unsold
642,Jitesh Sharma,WK,1.0,False,8,unsold
643,Dhruv Jurel,WK,1.0,False,8,unsold
644,MS Dhoni,WK,1.0,False,8,unsold
645,Tom Banton,WK,0.5,False,8,unsold
646,Kartik Sharma,WK,1.0,False,8,unsold
647,Tejasvi Dahiya,WK,0.5,False,8,unsold
648,Salil Arora,WK,0.5,False,8,unsold
649,Arshad Khan,BOWL,0.25,False,9,unsold
650,Kyle Jamieson,BOWL,0.25,True,9,unsold
651,AM Ghazanfar,BOWL,0.25,False,9,unsold
652,Mohsin Khan,BOWL,0.25,False,9,unsold
653,Ashwani Kumar,BOWL,0.25,False,9,unsold
654,Shivam Mavi,BOWL,0.25,False,9,unsold
655,Jacob Duffy,BOWL,0.25,True,9,unsold
656,Luke Wood,BOWL,0.25,True,9,unsold
657,Kartik Tyagi,BOWL,0.25,False,9,unsold
658,Ishant Sharma,BOWL,0.25,False,9,unsold
659,Vijaykumar Vyshak,BOWL,0.25,False,9,unsold
660,Ben Dwarshuis,BOWL,0.25,True,9,unsold
661,Sushant Mishra,BOWL,0.25,False,9,unsold
662,Prince Yadav,BOWL,0.25,False,9,unsold
663,Adam Milne,BOWL,0.25,True,9,unsold
664,Gurjapneet Singh,BOWL,0.25,False,9,unsold
665,Yudhvir Singh,BOWL,0.25,False,9,unsold
666,Nuwan Thushara,BOWL,0.25,True,9,unsold
667,Kuldeep Sen,BOWL,0.25,False,9,unsold
668,Mayank Markande,BOWL,0.25,False,9,unsold
669,Vicky Ostwal,BOWL,0.25,False,9,unsold
670,Dushmantha Chameera,BOWL,0.25,True,9,unsold
671,Kwena Maphaka,BOWL,0.25,True,9,unsold
672,Anrich Nortje,BOWL,0.25,True,9,unsold
673,Brijesh Sharma,BOWL,0.25,False,9,unsold
674,Mukesh Choudhary,BOWL,0.25,False,9,unsold
675,Manav Suthar,BOWL,0.25,False,9,unsold
676,Matt Henry,BOWL,0.25,True,9,unsold
677,Vishal Nishad,BOWL,0.25,False,9,unsold
678,Akash Singh,BOWL,0.25,False,9,unsold
679,Manimaran Siddharth,BOWL,0.25,False,9,unsold
680,Praveen Dubey,BOWL,0.25,False,9,unsold
681,Yash Thakur,BOWL,0.25,False,9,unsold
682,Abhinandan Singh,BOWL,0.25,False,9,unsold
683,Ramakrishna Ghosh,BOWL,0.25,False,9,unsold
684,Arjun Tendulkar,BOWL,0.25,False,9,unsold
685,Jayant Yadav,BOWL,0.25,False,9,unsold
686,Tripurana Vijay,BOWL,0.25,False,9,unsold
687,Ashok Sharma,BOWL,0.25,False,9,unsold
688,Gurnoor Brar,BOWL,0.25,False,9,unsold
689,Raghu Sharma,BOWL,0.25,False,9,unsold
690,Prashant Solanki,BOWL,0.25,False,9,unsold
691,Satvik Deswal,BOWL,0.25,False,9,unsold
692,Yash Raj Punja,BOWL,0.25,False,9,unsold
693,Prithvi Raj,BOWL,0.25,False,9,unsold
694,Sakib Hussain,BOWL,0.25,False,9,unsold
695,Amit Kumar,BOWL,0.25,False,9,unsold
696,Krains Fuletra,BOWL,0.25,False,9,unsold
697,Onkar Tarmale,BOWL,0.25,False,9,unsold
698,Praful Hinge,BOWL,0.25,False,9,unsold
699,Shivang Kumar,BOWL,0.25,False,9,unsold
700,Naman Tiwari,BOWL,0.25,False,9,unsold
701,Mohd Izhar,BOWL,0.25,False,9,unsold
702,Sarfaraz Khan,BAT,0.25,False,10,unsold
703,Prithvi Shaw,BAT,0.25,False,10,unsold
704,Manish Pandey,BAT,0.25,False,10,unsold
705,Shubham Dubey,BAT,0.25,False,10,unsold
706,Himmat Singh,BAT,0.25,False,10,unsold
707,Matthew Breetzke,BAT,0.25,True,10,unsold
708,Harnoor Singh,BAT,0.25,False,10,unsold
709,Ravichandran Smaran,BAT,0.25,False,10,unsold
710,Pyla Avinash,BAT,0.25,False,10,unsold
711,Sahil Parakh,BAT,0.25,False,10,unsold
712,Sarthak Ranjan,BAT,0.25,False,10,unsold
713,Akshat Raghuwanshi,BAT,0.25,False,10,unsold
714,Mukul Choudhary,BAT,0.25,False,10,unsold
715,Danish Malewar,BAT,0.25,False,10,unsold
716,Aman Rao,BAT,0.25,False,10,unsold
717,Ravi Singh,BAT,0.25,False,10,unsold
718,Cooper Connolly,AR,0.25,True,11,unsold
719,Wanindu Hasaranga,AR,0.25,True,11,unsold
720,Anukul Roy,AR,0.25,False,11,unsold
721,Kamindu Mendis,AR,0.25,True,11,unsold
722,Shreyas Gopal,AR,0.25,False,11,unsold
723,Jamie Overton,AR,0.25,True,11,unsold
724,Zak Foulkes,AR,0.25,True,11,unsold
725,Jack Edwards,AR,0.25,True,11,unsold
726,Nishant Sindhu,AR,0.25,False,11,unsold
727,Madhav Tiwari,AR,0.25,False,11,unsold
728,Vignesh Puthur,AR,0.25,False,11,unsold
729,Arshin Kulkarni,AR,0.25,False,11,unsold
730,Raj Bawa,AR,0.25,False,11,unsold
731,Musheer Khan,AR,0.25,False,11,unsold
732,Ajay Mandal,AR,0.25,False,11,unsold
733,Swapnil Singh,AR,0.25,False,11,unsold
734,Kanishk Chouhan,AR,0.25,False,11,unsold
735,Vihaan Malhotra,AR,0.25,False,11,unsold
736,Aman Khan,AR,0.25,False,11,unsold
737,Daksh Kamra,AR,0.25,False,11,unsold
738,Atharva Ankolekar,AR,0.25,False,11,unsold
739,Mayank Rawat,AR,0.25,False,11,unsold
740,Abishek Porel,WK,0.25,False,12,unsold
741,Jordan Cox,WK,0.25,True,12,unsold
742,Lhuan-dre Pretorius,WK,0.25,True,12,unsold
743,Anuj Rawat,WK,0.25,False,12,unsold
744,Urvil Patel,WK,0.25,True,12,unsold
745,Robin Minz,WK,0.25,False,12,unsold
746,Kumar Kushagra,WK,0.25,False,12,unsold
747,Vishnu Vinod,WK,0.25,False,12,unsold
748,Josh Hazlewood,BOWL,2.0,True,1,unsold
749,Varun Chakravarthy,BOWL,2.0,False,1,unsold
750,Jasprit Bumrah,BOWL,2.0,False,1,unsold
751,Trent Boult,BOWL,2.0,True,1,unsold
752,Noor Ahmad,BOWL,2.0,False,1,unsold
753,Arshdeep Singh,BOWL,2.0,False,1,unsold
754,Prasidh Krishna,BOWL,2.0,False,1,unsold
755,Marco Jansen,BOWL,2.0,True,1,unsold
756,Mitchell Starc,BOWL,2.0,True,1,unsold
757,Mohammed Siraj,BOWL,2.0,False,1,unsold
758,Kuldeep Yadav,BOWL,2.0,False,1,unsold
759,Bhuvneshwar Kumar,BOWL,2.0,False,1,unsold
760,Harshit Rana,BOWL,2.0,False,1,unsold
761,Jofra Archer,BOWL,2.0,True,1,unsold
762,Mohammed Shami,BOWL,2.0,False,1,unsold
763,Kagiso Rabada,BOWL,1.5,True,1,unsold
764,Nathan Ellis,BOWL,1.5,True,1,unsold
765,Akash Deep,BOWL,1.5,False,1,unsold
766,Sai Kishore,BOWL,1.5,False,1,unsold
767,Vaibhav Arora,BOWL,1.5,False,1,unsold
768,Yuzvendra Chahal,BOWL,1.5,False,1,unsold
769,Matheesha Pathirana,BOWL,1.5,True,1,unsold
770,Digvesh Rathi,BOWL,1.5,False,1,unsold
771,Khaleel Ahmed,BOWL,1.5,False,1,unsold
772,Vipraj Nigam,BOWL,1.5,False,1,unsold
773,Suryakumar Yadav,BAT,2.0,False,2,unsold
774,Shreyas Iyer,BAT,2.0,False,2,unsold
775,Virat Kohli,BAT,2.0,False,2,unsold
776,Travis Head,BAT,2.0,True,2,unsold
777,Sai Sudharsan,BAT,2.0,False,2,unsold
778,Shubman Gill,BAT,2.0,False,2,unsold
779,Aiden Markram,BAT,2.0,False,2,unsold
780,Rohit Sharma,BAT,2.0,False,2,unsold
781,Yashasvi Jaiswal,BAT,2.0,False,2,unsold
782,Tilak Varma,BAT,2.0,False,2,unsold
783,Ruturaj Gaikwad,BAT,2.0,False,2,unsold
784,Shimron Hetmyer,BAT,2.0,True,2,unsold
785,Rajat Patidar,BAT,2.0,True,2,unsold
786,Finn Allen,BAT,2.0,True,2,unsold
787,Tristan Stubbs,BAT,2.0,True,2,unsold
788,Tim David,BAT,2.0,True,2,unsold
789,Rinku Singh,BAT,2.0,False,2,unsold
790,Dewald Brevis,BAT,2.0,True,2,unsold
791,David Miller,BAT,2.0,True,2,unsold
792,Pathum Nissanka,BAT,2.0,True,2,unsold
793,Abhishek Sharma,AR,2.0,False,3,unsold
794,Sunil Narine,AR,2.0,True,3,unsold
795,Mitchell Marsh,AR,2.0,True,3,unsold
796,Cameron Green,AR,2.0,True,3,unsold
797,Sam Curran,AR,2.0,True,3,unsold
798,Hardik Pandya,AR,2.0,False,3,unsold
799,Krunal Pandya,AR,2.0,False,3,unsold
800,Pat Cummins,AR,2.0,True,3,unsold
801,Ravindra Jadeja,AR,2.0,False,3,unsold
802,Axar Patel,AR,2.0,True,3,unsold
803,Riyan Parag,AR,2.0,False,3,unsold
804,Mitchell Santner,AR,2.0,True,3,unsold
805,Shivam Dube,AR,2.0,False,3,unsold
806,Washington Sundar,AR,2.0,False,3,unsold
807,Glenn Phillips,AR,2.0,True,3,unsold
808,Rashid Khan,AR,2.0,True,3,unsold
809,Nitish Kumar Reddy,AR,2.0,True,3,unsold
810,Azmatullah Omarzai,AR,2.0,True,3,unsold
811,Marcus Stoinis,AR,2.0,True,3,unsold
812,Venkatesh Iyer,AR,2.0,False,3,unsold
813,Jos Buttler,WK,2.0,True,4,unsold
814,Heinrich Klaasen,WK,2.0,True,4,unsold
815,KL Rahul,WK,2.0,False,4,unsold
816,Nicholas Pooran,WK,2.0,True,4,unsold
817,Ishan Kishan,WK,2.0,False,4,unsold
818,Ryan Rickelton,WK,2.0,False,4,unsold
819,Phil Salt,WK,2.0,False,4,unsold
820,Sanju Samson,WK,2.0,True,4,unsold
821,Tim Seifert,WK,2.0,True,4,unsold
822,Rishabh Pant,WK,2.0,False,4,unsold
823,Deepak Chahar,BOWL,1.0,False,5,unsold
824,Shardul Thakur,BOWL,1.0,False,5,unsold
825,Suyash Sharma,BOWL,1.0,False,5,unsold
826,Jaydev Unadkat,BOWL,1.0,False,5,unsold
827,Yash Dayal,BOWL,1.0,False,5,unsold
828,Harpreet Brar,BOWL,1.0,False,5,unsold
829,Mukesh Kumar,BOWL,1.0,False,5,unsold
830,Avesh Khan,BOWL,1.0,False,5,unsold
831,Ravi Bishnoi,BOWL,1.0,False,5,unsold
832,Eshan Malinga,BOWL,1.0,False,5,unsold
833,Rasikh Salam,BOWL,1.0,False,5,unsold
834,Tushar Deshpande,BOWL,1.0,False,5,unsold
835,Xavier Bartlett,BOWL,1.0,True,5,unsold
836,Lockie Ferguson,BOWL,1.0,True,5,unsold
837,Sandeep Sharma,BOWL,1.0,False,5,unsold
838,T Natarajan,BOWL,1.0,False,5,unsold
839,Nandre Burger,BOWL,1.0,True,5,unsold
840,Umran Malik,BOWL,1.0,False,5,unsold
841,Lungi Ngidi,BOWL,1.0,True,5,unsold
842,Rahul Chahar,BOWL,1.0,False,5,unsold
843,Akeal Hosein,BOWL,1.0,True,5,unsold
844,Mayank Yadav,BOWL,1.0,False,5,unsold
845,Harsh Dubey,BOWL,1.0,False,5,unsold
846,Zeeshan Ansari,BOWL,1.0,False,5,unsold
847,Auqib Nabi,BOWL,1.0,False,5,unsold
848,Priyansh Arya,BAT,1.0,False,6,unsold
849,Ajinkya Rahane,BAT,1.0,False,6,unsold
850,Nehal Wadhera,BAT,1.0,False,6,unsold
851,Sherfane Rutherford,BAT,1.0,False,6,unsold
852,Angkrish Raghuvanshi,BAT,1.0,False,6,unsold
853,Vaibhav Sooryavanshi,BAT,1.0,False,6,unsold
854,Rahul Tripathi,BAT,1.0,False,6,unsold
855,Rovman Powell,BAT,1.0,False,6,unsold
856,Devdutt Padikkal,BAT,1.0,False,6,unsold
857,Nitish Rana,BAT,1.0,False,6,unsold
858,Ashutosh Sharma,BAT,1.0,False,6,unsold
859,Ayush Mhatre,BAT,1.0,False,6,unsold
860,Abdul Samad,BAT,1.0,True,6,unsold
861,Karun Nair,BAT,1.0,False,6,unsold
862,Rahul Tewatia,BAT,1.0,False,6,unsold
863,Mitchell Owen,BAT,1.0,True,6,unsold
864,Ben Duckett,BAT,1.0,True,6,unsold
865,Jacob Bethell,BAT,1.0,True,6,unsold
866,Aniket Verma,BAT,1.0,False,6,unsold
867,Sameer Rizvi,BAT,1.0,True,6,unsold
868,Will Jacks,AR,1.0,True,7,unsold
869,Harshal Patel,AR,1.0,True,7,unsold
870,Ayush Badoni,AR,1.0,False,7,unsold
871,Romario Shepherd,AR,1.0,False,7,unsold
872,Rachin Ravindra,AR,1.0,False,7,unsold
873,Shashank Singh,AR,1.0,False,7,unsold
874,Naman Dhir,AR,1.0,False,7,unsold
875,Anshul Kamboj,AR,1.0,False,7,unsold
876,Liam Livingstone,AR,1.0,True,7,unsold
877,Ramandeep Singh,AR,1.0,False,7,unsold
878,Corbin Bosch,AR,1.0,True,7,unsold
879,Shahbaz Ahmed,AR,1.0,False,7,unsold
880,Jason Holder,AR,1.0,True,7,unsold
881,Matthew Short,AR,1.0,True,7,unsold
882,Donovan Ferreira,AR,1.0,True,7,unsold
883,Suryansh Shedge,AR,1.0,False,7,unsold
884,Brydon Carse,AR,1.0,True,7,unsold
885,M Shahrukh Khan,AR,1.0,False,7,unsold
886,Mangesh Yadav,AR,1.0,False,7,unsold
887,Prashant Veer,AR,1.0,False,7,unsold
888,Josh Inglis,WK,1.0,True,8,unsold
889,Quinton de Kock,WK,1.0,False,8,unsold
890,Prabhsimran Singh,WK,1.0,False,8,unsold
891,Jitesh Sharma,WK,1.0,False,8,unsold
892,Dhruv Jurel,WK,1.0,False,8,unsold
893,MS Dhoni,WK,1.0,False,8,unsold
894,Tom Banton,WK,0.5,False,8,unsold
895,Kartik Sharma,WK,1.0,False,8,unsold
896,Tejasvi Dahiya,WK,0.5,False,8,unsold
897,Salil Arora,WK,0.5,False,8,unsold
898,Arshad Khan,BOWL,0.25,False,9,unsold
899,Kyle Jamieson,BOWL,0.25,True,9,unsold
900,AM Ghazanfar,BOWL,0.25,False,9,unsold
901,Mohsin Khan,BOWL,0.25,False,9,unsold
902,Ashwani Kumar,BOWL,0.25,False,9,unsold
903,Shivam Mavi,BOWL,0.25,False,9,unsold
904,Jacob Duffy,BOWL,0.25,True,9,unsold
905,Luke Wood,BOWL,0.25,True,9,unsold
906,Kartik Tyagi,BOWL,0.25,False,9,unsold
907,Ishant Sharma,BOWL,0.25,False,9,unsold
908,Vijaykumar Vyshak,BOWL,0.25,False,9,unsold
909,Ben Dwarshuis,BOWL,0.25,True,9,unsold
910,Sushant Mishra,BOWL,0.25,False,9,unsold
911,Prince Yadav,BOWL,0.25,False,9,unsold
912,Adam Milne,BOWL,0.25,True,9,unsold
913,Gurjapneet Singh,BOWL,0.25,False,9,unsold
914,Yudhvir Singh,BOWL,0.25,False,9,unsold
915,Nuwan Thushara,BOWL,0.25,True,9,unsold
916,Kuldeep Sen,BOWL,0.25,False,9,unsold
917,Mayank Markande,BOWL,0.25,False,9,unsold
918,Vicky Ostwal,BOWL,0.25,False,9,unsold
919,Dushmantha Chameera,BOWL,0.25,True,9,unsold
920,Kwena Maphaka,BOWL,0.25,True,9,unsold
921,Anrich Nortje,BOWL,0.25,True,9,unsold
922,Brijesh Sharma,BOWL,0.25,False,9,unsold
923,Mukesh Choudhary,BOWL,0.25,False,9,unsold
924,Manav Suthar,BOWL,0.25,False,9,unsold
925,Matt Henry,BOWL,0.25,True,9,unsold
926,Vishal Nishad,BOWL,0.25,False,9,unsold
927,Akash Singh,BOWL,0.25,False,9,unsold
928,Manimaran Siddharth,BOWL,0.25,False,9,unsold
929,Praveen Dubey,BOWL,0.25,False,9,unsold
930,Yash Thakur,BOWL,0.25,False,9,unsold
931,Abhinandan Singh,BOWL,0.25,False,9,unsold
932,Ramakrishna Ghosh,BOWL,0.25,False,9,unsold
933,Arjun Tendulkar,BOWL,0.25,False,9,unsold
934,Jayant Yadav,BOWL,0.25,False,9,unsold
935,Tripurana Vijay,BOWL,0.25,False,9,unsold
936,Ashok Sharma,BOWL,0.25,False,9,unsold
937,Gurnoor Brar,BOWL,0.25,False,9,unsold
938,Raghu Sharma,BOWL,0.25,False,9,unsold
939,Prashant Solanki,BOWL,0.25,False,9,unsold
940,Satvik Deswal,BOWL,0.25,False,9,unsold
941,Yash Raj Punja,BOWL,0.25,False,9,unsold
942,Prithvi Raj,BOWL,0.25,False,9,unsold
943,Sakib Hussain,BOWL,0.25,False,9,unsold
944,Amit Kumar,BOWL,0.25,False,9,unsold
945,Krains Fuletra,BOWL,0.25,False,9,unsold
946,Onkar Tarmale,BOWL,0.25,False,9,unsold
947,Praful Hinge,BOWL,0.25,False,9,unsold
948,Shivang Kumar,BOWL,0.25,False,9,unsold
949,Naman Tiwari,BOWL,0.25,False,9,unsold
950,Mohd Izhar,BOWL,0.25,False,9,unsold
951,Sarfaraz Khan,BAT,0.25,False,10,unsold
952,Prithvi Shaw,BAT,0.25,False,10,unsold
953,Manish Pandey,BAT,0.25,False,10,unsold
954,Shubham Dubey,BAT,0.25,False,10,unsold
955,Himmat Singh,BAT,0.25,False,10,unsold
956,Matthew Breetzke,BAT,0.25,True,10,unsold
957,Harnoor Singh,BAT,0.25,False,10,unsold
958,Ravichandran Smaran,BAT,0.25,False,10,unsold
959,Pyla Avinash,BAT,0.25,False,10,unsold
960,Sahil Parakh,BAT,0.25,False,10,unsold
961,Sarthak Ranjan,BAT,0.25,False,10,unsold
962,Akshat Raghuwanshi,BAT,0.25,False,10,unsold
963,Mukul Choudhary,BAT,0.25,False,10,unsold
964,Danish Malewar,BAT,0.25,False,10,unsold
965,Aman Rao,BAT,0.25,False,10,unsold
966,Ravi Singh,BAT,0.25,False,10,unsold
967,Cooper Connolly,AR,0.25,True,11,unsold
968,Wanindu Hasaranga,AR,0.25,True,11,unsold
969,Anukul Roy,AR,0.25,False,11,unsold
970,Kamindu Mendis,AR,0.25,True,11,unsold
971,Shreyas Gopal,AR,0.25,False,11,unsold
972,Jamie Overton,AR,0.25,True,11,unsold
973,Zak Foulkes,AR,0.25,True,11,unsold
974,Jack Edwards,AR,0.25,True,11,unsold
975,Nishant Sindhu,AR,0.25,False,11,unsold
976,Madhav Tiwari,AR,0.25,False,11,unsold
977,Vignesh Puthur,AR,0.25,False,11,unsold
978,Arshin Kulkarni,AR,0.25,False,11,unsold
979,Raj Bawa,AR,0.25,False,11,unsold
980,Musheer Khan,AR,0.25,False,11,unsold
981,Ajay Mandal,AR,0.25,False,11,unsold
982,Swapnil Singh,AR,0.25,False,11,unsold
983,Kanishk Chouhan,AR,0.25,False,11,unsold
984,Vihaan Malhotra,AR,0.25,False,11,unsold
985,Aman Khan,AR,0.25,False,11,unsold
986,Daksh Kamra,AR,0.25,False,11,unsold
987,Atharva Ankolekar,AR,0.25,False,11,unsold
988,Mayank Rawat,AR,0.25,False,11,unsold
989,Abishek Porel,WK,0.25,False,12,unsold
990,Jordan Cox,WK,0.25,True,12,unsold
991,Lhuan-dre Pretorius,WK,0.25,True,12,unsold
992,Anuj Rawat,WK,0.25,False,12,unsold
993,Urvil Patel,WK,0.25,True,12,unsold
994,Robin Minz,WK,0.25,False,12,unsold
995,Kumar Kushagra,WK,0.25,False,12,unsold
996,Vishnu Vinod,WK,0.25,False,12,unsold
997,Josh Hazlewood,BOWL,2.0,True,1,unsold
998,Varun Chakravarthy,BOWL,2.0,False,1,unsold
999,Jasprit Bumrah,BOWL,2.0,False,1,unsold
1000,Trent Boult,BOWL,2.0,True,1,unsold
1001,Noor Ahmad,BOWL,2.0,False,1,unsold
1002,Arshdeep Singh,BOWL,2.0,False,1,unsold
1003,Prasidh Krishna,BOWL,2.0,False,1,unsold
1004,Marco Jansen,BOWL,2.0,True,1,unsold
1005,Mitchell Starc,BOWL,2.0,True,1,unsold
1006,Mohammed Siraj,BOWL,2.0,False,1,unsold
1007,Kuldeep Yadav,BOWL,2.0,False,1,unsold
1008,Bhuvneshwar Kumar,BOWL,2.0,False,1,unsold
1009,Harshit Rana,BOWL,2.0,False,1,unsold
1010,Jofra Archer,BOWL,2.0,True,1,unsold
1011,Mohammed Shami,BOWL,2.0,False,1,unsold
1012,Kagiso Rabada,BOWL,1.5,True,1,unsold
1013,Nathan Ellis,BOWL,1.5,True,1,unsold
1014,Akash Deep,BOWL,1.5,False,1,unsold
1015,Sai Kishore,BOWL,1.5,False,1,unsold
1016,Vaibhav Arora,BOWL,1.5,False,1,unsold
1017,Yuzvendra Chahal,BOWL,1.5,False,1,unsold
1018,Matheesha Pathirana,BOWL,1.5,True,1,unsold
1019,Digvesh Rathi,BOWL,1.5,False,1,unsold
1020,Khaleel Ahmed,BOWL,1.5,False,1,unsold
1021,Vipraj Nigam,BOWL,1.5,False,1,unsold
1022,Suryakumar Yadav,BAT,2.0,False,2,unsold
1023,Shreyas Iyer,BAT,2.0,False,2,unsold
1024,Virat Kohli,BAT,2.0,False,2,unsold
1025,Travis Head,BAT,2.0,True,2,unsold
1026,Sai Sudharsan,BAT,2.0,False,2,unsold
1027,Shubman Gill,BAT,2.0,False,2,unsold
1028,Aiden Markram,BAT,2.0,False,2,unsold
1029,Rohit Sharma,BAT,2.0,False,2,unsold
1030,Yashasvi Jaiswal,BAT,2.0,False,2,unsold
1031,Tilak Varma,BAT,2.0,False,2,unsold
1032,Ruturaj Gaikwad,BAT,2.0,False,2,unsold
1033,Shimron Hetmyer,BAT,2.0,True,2,unsold
1034,Rajat Patidar,BAT,2.0,True,2,unsold
1035,Finn Allen,BAT,2.0,True,2,unsold
1036,Tristan Stubbs,BAT,2.0,True,2,unsold
1037,Tim David,BAT,2.0,True,2,unsold
1038,Rinku Singh,BAT,2.0,False,2,unsold
1039,Dewald Brevis,BAT,2.0,True,2,unsold
1040,David Miller,BAT,2.0,True,2,unsold
1041,Pathum Nissanka,BAT,2.0,True,2,unsold
1042,Abhishek Sharma,AR,2.0,False,3,unsold
1043,Sunil Narine,AR,2.0,True,3,unsold
1044,Mitchell Marsh,AR,2.0,True,3,unsold
1045,Cameron Green,AR,2.0,True,3,unsold
1046,Sam Curran,AR,2.0,True,3,unsold
1047,Hardik Pandya,AR,2.0,False,3,unsold
1048,Krunal Pandya,AR,2.0,False,3,unsold
1049,Pat Cummins,AR,2.0,True,3,unsold
1050,Ravindra Jadeja,AR,2.0,False,3,unsold
1051,Axar Patel,AR,2.0,True,3,unsold
1052,Riyan Parag,AR,2.0,False,3,unsold
1053,Mitchell Santner,AR,2.0,True,3,unsold
1054,Shivam Dube,AR,2.0,False,3,unsold
1055,Washington Sundar,AR,2.0,False,3,unsold
1056,Glenn Phillips,AR,2.0,True,3,unsold
1057,Rashid Khan,AR,2.0,True,3,unsold
1058,Nitish Kumar Reddy,AR,2.0,True,3,unsold
1059,Azmatullah Omarzai,AR,2.0,True,3,unsold
1060,Marcus Stoinis,AR,2.0,True,3,unsold
1061,Venkatesh Iyer,AR,2.0,False,3,unsold
1062,Jos Buttler,WK,2.0,True,4,unsold
1063,Heinrich Klaasen,WK,2.0,True,4,unsold
1064,KL Rahul,WK,2.0,False,4,unsold
1065,Nicholas Pooran,WK,2.0,True,4,unsold
1066,Ishan Kishan,WK,2.0,False,4,unsold
1067,Ryan Rickelton,WK,2.0,False,4,unsold
1068,Phil Salt,WK,2.0,False,4,unsold
1069,Sanju Samson,WK,2.0,True,4,unsold
1070,Tim Seifert,WK,2.0,True,4,unsold
1071,Rishabh Pant,WK,2.0,False,4,unsold
1072,Deepak Chahar,BOWL,1.0,False,5,unsold
1073,Shardul Thakur,BOWL,1.0,False,5,unsold
1074,Suyash Sharma,BOWL,1.0,False,5,unsold
1075,Jaydev Unadkat,BOWL,1.0,False,5,unsold
1076,Yash Dayal,BOWL,1.0,False,5,unsold
1077,Harpreet Brar,BOWL,1.0,False,5,unsold
1078,Mukesh Kumar,BOWL,1.0,False,5,unsold
1079,Avesh Khan,BOWL,1.0,False,5,unsold
1080,Ravi Bishnoi,BOWL,1.0,False,5,unsold
1081,Eshan Malinga,BOWL,1.0,False,5,unsold
1082,Rasikh Salam,BOWL,1.0,False,5,unsold
1083,Tushar Deshpande,BOWL,1.0,False,5,unsold
1084,Xavier Bartlett,BOWL,1.0,True,5,unsold
1085,Lockie Ferguson,BOWL,1.0,True,5,unsold
1086,Sandeep Sharma,BOWL,1.0,False,5,unsold
1087,T Natarajan,BOWL,1.0,False,5,unsold
1088,Nandre Burger,BOWL,1.0,True,5,unsold
1089,Umran Malik,BOWL,1.0,False,5,unsold
1090,Lungi Ngidi,BOWL,1.0,True,5,unsold
1091,Rahul Chahar,BOWL,1.0,False,5,unsold
1092,Akeal Hosein,BOWL,1.0,True,5,unsold
1093,Mayank Yadav,BOWL,1.0,False,5,unsold
1094,Harsh Dubey,BOWL,1.0,False,5,unsold
1095,Zeeshan Ansari,BOWL,1.0,False,5,unsold
1096,Auqib Nabi,BOWL,1.0,False,5,unsold
1097,Priyansh Arya,BAT,1.0,False,6,unsold
1098,Ajinkya Rahane,BAT,1.0,False,6,unsold
1099,Nehal Wadhera,BAT,1.0,False,6,unsold
1100,Sherfane Rutherford,BAT,1.0,False,6,unsold
1101,Angkrish Raghuvanshi,BAT,1.0,False,6,unsold
1102,Vaibhav Sooryavanshi,BAT,1.0,False,6,unsold
1103,Rahul Tripathi,BAT,1.0,False,6,unsold
1104,Rovman Powell,BAT,1.0,False,6,unsold
1105,Devdutt Padikkal,BAT,1.0,False,6,unsold
1106,Nitish Rana,BAT,1.0,False,6,unsold
1107,Ashutosh Sharma,BAT,1.0,False,6,unsold
1108,Ayush Mhatre,BAT,1.0,False,6,unsold
1109,Abdul Samad,BAT,1.0,True,6,unsold
1110,Karun Nair,BAT,1.0,False,6,unsold
1111,Rahul Tewatia,BAT,1.0,False,6,unsold
1112,Mitchell Owen,BAT,1.0,True,6,unsold
1113,Ben Duckett,BAT,1.0,True,6,unsold
1114,Jacob Bethell,BAT,1.0,True,6,unsold
1115,Aniket Verma,BAT,1.0,False,6,unsold
1116,Sameer Rizvi,BAT,1.0,True,6,unsold
1117,Will Jacks,AR,1.0,True,7,unsold
1118,Harshal Patel,AR,1.0,True,7,unsold
1119,Ayush Badoni,AR,1.0,False,7,unsold
1120,Romario Shepherd,AR,1.0,False,7,unsold
1121,Rachin Ravindra,AR,1.0,False,7,unsold
1122,Shashank Singh,AR,1.0,False,7,unsold
1123,Naman Dhir,AR,1.0,False,7,unsold
1124,Anshul Kamboj,AR,1.0,False,7,unsold
1125,Liam Livingstone,AR,1.0,True,7,unsold
1126,Ramandeep Singh,AR,1.0,False,7,unsold
1127,Corbin Bosch,AR,1.0,True,7,unsold
1128,Shahbaz Ahmed,AR,1.0,False,7,unsold
1129,Jason Holder,AR,1.0,True,7,unsold
1130,Matthew Short,AR,1.0,True,7,unsold
1131,Donovan Ferreira,AR,1.0,True,7,unsold
1132,Suryansh Shedge,AR,1.0,False,7,unsold
1133,Brydon Carse,AR,1.0,True,7,unsold
1134,M Shahrukh Khan,AR,1.0,False,7,unsold
1135,Mangesh Yadav,AR,1.0,False,7,unsold
1136,Prashant Veer,AR,1.0,False,7,unsold
1137,Josh Inglis,WK,1.0,True,8,unsold
1138,Quinton de Kock,WK,1.0,False,8,unsold
1139,Prabhsimran Singh,WK,1.0,False,8,unsold
1140,Jitesh Sharma,WK,1.0,False,8,unsold
1141,Dhruv Jurel,WK,1.0,False,8,unsold
1142,MS Dhoni,WK,1.0,False,8,unsold
1143,Tom Banton,WK,0.5,False,8,unsold
1144,Kartik Sharma,WK,1.0,False,8,unsold
1145,Tejasvi Dahiya,WK,0.5,False,8,unsold
1146,Salil Arora,WK,0.5,False,8,unsold
1147,Arshad Khan,BOWL,0.25,False,9,unsold
1148,Kyle Jamieson,BOWL,0.25,True,9,unsold
1149,AM Ghazanfar,BOWL,0.25,False,9,unsold
1150,Mohsin Khan,BOWL,0.25,False,9,unsold
1151,Ashwani Kumar,BOWL,0.25,False,9,unsold
1152,Shivam Mavi,BOWL,0.25,False,9,unsold
1153,Jacob Duffy,BOWL,0.25,True,9,unsold
1154,Luke Wood,BOWL,0.25,True,9,unsold
1155,Kartik Tyagi,BOWL,0.25,False,9,unsold
1156,Ishant Sharma,BOWL,0.25,False,9,unsold
1157,Vijaykumar Vyshak,BOWL,0.25,False,9,unsold
1158,Ben Dwarshuis,BOWL,0.25,True,9,unsold
1159,Sushant Mishra,BOWL,0.25,False,9,unsold
1160,Prince Yadav,BOWL,0.25,False,9,unsold
1161,Adam Milne,BOWL,0.25,True,9,unsold
1162,Gurjapneet Singh,BOWL,0.25,False,9,unsold
1163,Yudhvir Singh,BOWL,0.25,False,9,unsold
1164,Nuwan Thushara,BOWL,0.25,True,9,unsold
1165,Kuldeep Sen,BOWL,0.25,False,9,unsold
1166,Mayank Markande,BOWL,0.25,False,9,unsold
1167,Vicky Ostwal,BOWL,0.25,False,9,unsold
1168,Dushmantha Chameera,BOWL,0.25,True,9,unsold
1169,Kwena Maphaka,BOWL,0.25,True,9,unsold
1170,Anrich Nortje,BOWL,0.25,True,9,unsold
1171,Brijesh Sharma,BOWL,0.25,False,9,unsold
1172,Mukesh Choudhary,BOWL,0.25,False,9,unsold
1173,Manav Suthar,BOWL,0.25,False,9,unsold
1174,Matt Henry,BOWL,0.25,True,9,unsold
1175,Vishal Nishad,BOWL,0.25,False,9,unsold
1176,Akash Singh,BOWL,0.25,False,9,unsold
1177,Manimaran Siddharth,BOWL,0.25,False,9,unsold
1178,Praveen Dubey,BOWL,0.25,False,9,unsold
1179,Yash Thakur,BOWL,0.25,False,9,unsold
1180,Abhinandan Singh,BOWL,0.25,False,9,unsold
1181,Ramakrishna Ghosh,BOWL,0.25,False,9,unsold
1182,Arjun Tendulkar,BOWL,0.25,False,9,unsold
1183,Jayant Yadav,BOWL,0.25,False,9,unsold
1184,Tripurana Vijay,BOWL,0.25,False,9,unsold
1185,Ashok Sharma,BOWL,0.25,False,9,unsold
1186,Gurnoor Brar,BOWL,0.25,False,9,unsold
1187,Raghu Sharma,BOWL,0.25,False,9,unsold
1188,Prashant Solanki,BOWL,0.25,False,9,unsold
1189,Satvik Deswal,BOWL,0.25,False,9,unsold
1190,Yash Raj Punja,BOWL,0.25,False,9,unsold
1191,Prithvi Raj,BOWL,0.25,False,9,unsold
1192,Sakib Hussain,BOWL,0.25,False,9,unsold
1193,Amit Kumar,BOWL,0.25,False,9,unsold
1194,Krains Fuletra,BOWL,0.25,False,9,unsold
1195,Onkar Tarmale,BOWL,0.25,False,9,unsold
1196,Praful Hinge,BOWL,0.25,False,9,unsold
1197,Shivang Kumar,BOWL,0.25,False,9,unsold
1198,Naman Tiwari,BOWL,0.25,False,9,unsold
1199,Mohd Izhar,BOWL,0.25,False,9,unsold
1200,Sarfaraz Khan,BAT,0.25,False,10,unsold
1201,Prithvi Shaw,BAT,0.25,False,10,unsold
1202,Manish Pandey,BAT,0.25,False,10,unsold
1203,Shubham Dubey,BAT,0.25,False,10,unsold
1204,Himmat Singh,BAT,0.25,False,10,unsold
1205,Matthew Breetzke,BAT,0.25,True,10,unsold
1206,Harnoor Singh,BAT,0.25,False,10,unsold
1207,Ravichandran Smaran,BAT,0.25,False,10,unsold
1208,Pyla Avinash,BAT,0.25,False,10,unsold
1209,Sahil Parakh,BAT,0.25,False,10,unsold
1210,Sarthak Ranjan,BAT,0.25,False,10,unsold
1211,Akshat Raghuwanshi,BAT,0.25,False,10,unsold
1212,Mukul Choudhary,BAT,0.25,False,10,unsold
1213,Danish Malewar,BAT,0.25,False,10,unsold
1214,Aman Rao,BAT,0.25,False,10,unsold
1215,Ravi Singh,BAT,0.25,False,10,unsold
1216,Cooper Connolly,AR,0.25,True,11,unsold
1217,Wanindu Hasaranga,AR,0.25,True,11,unsold
1218,Anukul Roy,AR,0.25,False,11,unsold
1219,Kamindu Mendis,AR,0.25,True,11,unsold
1220,Shreyas Gopal,AR,0.25,False,11,unsold
1221,Jamie Overton,AR,0.25,True,11,unsold
1222,Zak Foulkes,AR,0.25,True,11,unsold
1223,Jack Edwards,AR,0.25,True,11,unsold
1224,Nishant Sindhu,AR,0.25,False,11,unsold
1225,Madhav Tiwari,AR,0.25,False,11,unsold
1226,Vignesh Puthur,AR,0.25,False,11,unsold
1227,Arshin Kulkarni,AR,0.25,False,11,unsold
1228,Raj Bawa,AR,0.25,False,11,unsold
1229,Musheer Khan,AR,0.25,False,11,unsold
1230,Ajay Mandal,AR,0.25,False,11,unsold
1231,Swapnil Singh,AR,0.25,False,11,unsold
1232,Kanishk Chouhan,AR,0.25,False,11,unsold
1233,Vihaan Malhotra,AR,0.25,False,11,unsold
1234,Aman Khan,AR,0.25,False,11,unsold
1235,Daksh Kamra,AR,0.25,False,11,unsold
1236,Atharva Ankolekar,AR,0.25,False,11,unsold
1237,Mayank Rawat,AR,0.25,False,11,unsold
1238,Abishek Porel,WK,0.25,False,12,unsold
1239,Jordan Cox,WK,0.25,True,12,unsold
1240,Lhuan-dre Pretorius,WK,0.25,True,12,unsold
1241,Anuj Rawat,WK,0.25,False,12,unsold
1242,Urvil Patel,WK,0.25,True,12,unsold
1243,Robin Minz,WK,0.25,False,12,unsold
1244,Kumar Kushagra,WK,0.25,False,12,unsold
1245,Vishnu Vinod,WK,0.25,False,12,unsold
1246,Josh Hazlewood,BOWL,2.0,True,1,unsold
1247,Varun Chakravarthy,BOWL,2.0,False,1,unsold
1248,Jasprit Bumrah,BOWL,2.0,False,1,unsold
1249,Trent Boult,BOWL,2.0,True,1,unsold
1250,Noor Ahmad,BOWL,2.0,False,1,unsold
1251,Arshdeep Singh,BOWL,2.0,False,1,unsold
1252,Prasidh Krishna,BOWL,2.0,False,1,unsold
1253,Marco Jansen,BOWL,2.0,True,1,unsold
1254,Mitchell Starc,BOWL,2.0,True,1,unsold
1255,Mohammed Siraj,BOWL,2.0,False,1,unsold
1256,Kuldeep Yadav,BOWL,2.0,False,1,unsold
1257,Bhuvneshwar Kumar,BOWL,2.0,False,1,unsold
1258,Harshit Rana,BOWL,2.0,False,1,unsold
1259,Jofra Archer,BOWL,2.0,True,1,unsold
1260,Mohammed Shami,BOWL,2.0,False,1,unsold
1261,Kagiso Rabada,BOWL,1.5,True,1,unsold
1262,Nathan Ellis,BOWL,1.5,True,1,unsold
1263,Akash Deep,BOWL,1.5,False,1,unsold
1264,Sai Kishore,BOWL,1.5,False,1,unsold
1265,Vaibhav Arora,BOWL,1.5,False,1,unsold
1266,Yuzvendra Chahal,BOWL,1.5,False,1,unsold
1267,Matheesha Pathirana,BOWL,1.5,True,1,unsold
1268,Digvesh Rathi,BOWL,1.5,False,1,unsold
1269,Khaleel Ahmed,BOWL,1.5,False,1,unsold
1270,Vipraj Nigam,BOWL,1.5,False,1,unsold
1271,Suryakumar Yadav,BAT,2.0,False,2,unsold
1272,Shreyas Iyer,BAT,2.0,False,2,unsold
1273,Virat Kohli,BAT,2.0,False,2,unsold
1274,Travis Head,BAT,2.0,True,2,unsold
1275,Sai Sudharsan,BAT,2.0,False,2,unsold
1276,Shubman Gill,BAT,2.0,False,2,unsold
1277,Aiden Markram,BAT,2.0,False,2,unsold
1278,Rohit Sharma,BAT,2.0,False,2,unsold
1279,Yashasvi Jaiswal,BAT,2.0,False,2,unsold
1280,Tilak Varma,BAT,2.0,False,2,unsold
1281,Ruturaj Gaikwad,BAT,2.0,False,2,unsold
1282,Shimron Hetmyer,BAT,2.0,True,2,unsold
1283,Rajat Patidar,BAT,2.0,True,2,unsold
1284,Finn Allen,BAT,2.0,True,2,unsold
1285,Tristan Stubbs,BAT,2.0,True,2,unsold
1286,Tim David,BAT,2.0,True,2,unsold
1287,Rinku Singh,BAT,2.0,False,2,unsold
1288,Dewald Brevis,BAT,2.0,True,2,unsold
1289,David Miller,BAT,2.0,True,2,unsold
1290,Pathum Nissanka,BAT,2.0,True,2,unsold
1291,Abhishek Sharma,AR,2.0,False,3,unsold
1292,Sunil Narine,AR,2.0,True,3,unsold
1293,Mitchell Marsh,AR,2.0,True,3,unsold
1294,Cameron Green,AR,2.0,True,3,unsold
1295,Sam Curran,AR,2.0,True,3,unsold
1296,Hardik Pandya,AR,2.0,False,3,unsold
1297,Krunal Pandya,AR,2.0,False,3,unsold
1298,Pat Cummins,AR,2.0,True,3,unsold
1299,Ravindra Jadeja,AR,2.0,False,3,unsold
1300,Axar Patel,AR,2.0,True,3,unsold
1301,Riyan Parag,AR,2.0,False,3,unsold
1302,Mitchell Santner,AR,2.0,True,3,unsold
1303,Shivam Dube,AR,2.0,False,3,unsold
1304,Washington Sundar,AR,2.0,False,3,unsold
1305,Glenn Phillips,AR,2.0,True,3,unsold
1306,Rashid Khan,AR,2.0,True,3,unsold
1307,Nitish Kumar Reddy,AR,2.0,True,3,unsold
1308,Azmatullah Omarzai,AR,2.0,True,3,unsold
1309,Marcus Stoinis,AR,2.0,True,3,unsold
1310,Venkatesh Iyer,AR,2.0,False,3,unsold
1311,Jos Buttler,WK,2.0,True,4,unsold
1312,Heinrich Klaasen,WK,2.0,True,4,unsold
1313,KL Rahul,WK,2.0,False,4,unsold
1314,Nicholas Pooran,WK,2.0,True,4,unsold
1315,Ishan Kishan,WK,2.0,False,4,unsold
1316,Ryan Rickelton,WK,2.0,False,4,unsold
1317,Phil Salt,WK,2.0,False,4,unsold
1318,Sanju Samson,WK,2.0,True,4,unsold
1319,Tim Seifert,WK,2.0,True,4,unsold
1320,Rishabh Pant,WK,2.0,False,4,unsold
1321,Deepak Chahar,BOWL,1.0,False,5,unsold
1322,Shardul Thakur,BOWL,1.0,False,5,unsold
1323,Suyash Sharma,BOWL,1.0,False,5,unsold
1324,Jaydev Unadkat,BOWL,1.0,False,5,unsold
1325,Yash Dayal,BOWL,1.0,False,5,unsold
1326,Harpreet Brar,BOWL,1.0,False,5,unsold
1327,Mukesh Kumar,BOWL,1.0,False,5,unsold
1328,Avesh Khan,BOWL,1.0,False,5,unsold
1329,Ravi Bishnoi,BOWL,1.0,False,5,unsold
1330,Eshan Malinga,BOWL,1.0,False,5,unsold
1331,Rasikh Salam,BOWL,1.0,False,5,unsold
1332,Tushar Deshpande,BOWL,1.0,False,5,unsold
1333,Xavier Bartlett,BOWL,1.0,True,5,unsold
1334,Lockie Ferguson,BOWL,1.0,True,5,unsold
1335,Sandeep Sharma,BOWL,1.0,False,5,unsold
1336,T Natarajan,BOWL,1.0,False,5,unsold
1337,Nandre Burger,BOWL,1.0,True,5,unsold
1338,Umran Malik,BOWL,1.0,False,5,unsold
1339,Lungi Ngidi,BOWL,1.0,True,5,unsold
1340,Rahul Chahar,BOWL,1.0,False,5,unsold
1341,Akeal Hosein,BOWL,1.0,True,5,unsold
1342,Mayank Yadav,BOWL,1.0,False,5,unsold
1343,Harsh Dubey,BOWL,1.0,False,5,unsold
1344,Zeeshan Ansari,BOWL,1.0,False,5,unsold
1345,Auqib Nabi,BOWL,1.0,False,5,unsold
1346,Priyansh Arya,BAT,1.0,False,6,unsold
1347,Ajinkya Rahane,BAT,1.0,False,6,unsold
1348,Nehal Wadhera,BAT,1.0,False,6,unsold
1349,Sherfane Rutherford,BAT,1.0,False,6,unsold
1350,Angkrish Raghuvanshi,BAT,1.0,False,6,unsold
1351,Vaibhav Sooryavanshi,BAT,1.0,False,6,unsold
1352,Rahul Tripathi,BAT,1.0,False,6,unsold
1353,Rovman Powell,BAT,1.0,False,6,unsold
1354,Devdutt Padikkal,BAT,1.0,False,6,unsold
1355,Nitish Rana,BAT,1.0,False,6,unsold
1356,Ashutosh Sharma,BAT,1.0,False,6,unsold
1357,Ayush Mhatre,BAT,1.0,False,6,unsold
1358,Abdul Samad,BAT,1.0,True,6,unsold
1359,Karun Nair,BAT,1.0,False,6,unsold
1360,Rahul Tewatia,BAT,1.0,False,6,unsold
1361,Mitchell Owen,BAT,1.0,True,6,unsold
1362,Ben Duckett,BAT,1.0,True,6,unsold
1363,Jacob Bethell,BAT,1.0,True,6,unsold
1364,Aniket Verma,BAT,1.0,False,6,unsold
1365,Sameer Rizvi,BAT,1.0,True,6,unsold
1366,Will Jacks,AR,1.0,True,7,unsold
1367,Harshal Patel,AR,1.0,True,7,unsold
1368,Ayush Badoni,AR,1.0,False,7,unsold
1369,Romario Shepherd,AR,1.0,False,7,unsold
1370,Rachin Ravindra,AR,1.0,False,7,unsold
1371,Shashank Singh,AR,1.0,False,7,unsold
1372,Naman Dhir,AR,1.0,False,7,unsold
1373,Anshul Kamboj,AR,1.0,False,7,unsold
1374,Liam Livingstone,AR,1.0,True,7,unsold
1375,Ramandeep Singh,AR,1.0,False,7,unsold
1376,Corbin Bosch,AR,1.0,True,7,unsold
1377,Shahbaz Ahmed,AR,1.0,False,7,unsold
1378,Jason Holder,AR,1.0,True,7,unsold
1379,Matthew Short,AR,1.0,True,7,unsold
1380,Donovan Ferreira,AR,1.0,True,7,unsold
1381,Suryansh Shedge,AR,1.0,False,7,unsold
1382,Brydon Carse,AR,1.0,True,7,unsold
1383,M Shahrukh Khan,AR,1.0,False,7,unsold
1384,Mangesh Yadav,AR,1.0,False,7,unsold
1385,Prashant Veer,AR,1.0,False,7,unsold
1386,Josh Inglis,WK,1.0,True,8,unsold
1387,Quinton de Kock,WK,1.0,False,8,unsold
1388,Prabhsimran Singh,WK,1.0,False,8,unsold
1389,Jitesh Sharma,WK,1.0,False,8,unsold
1390,Dhruv Jurel,WK,1.0,False,8,unsold
1391,MS Dhoni,WK,1.0,False,8,unsold
1392,Tom Banton,WK,0.5,False,8,unsold
1393,Kartik Sharma,WK,1.0,False,8,unsold
1394,Tejasvi Dahiya,WK,0.5,False,8,unsold
1395,Salil Arora,WK,0.5,False,8,unsold
1396,Arshad Khan,BOWL,0.25,False,9,unsold
1397,Kyle Jamieson,BOWL,0.25,True,9,unsold
1398,AM Ghazanfar,BOWL,0.25,False,9,unsold
1399,Mohsin Khan,BOWL,0.25,False,9,unsold
1400,Ashwani Kumar,BOWL,0.25,False,9,unsold
1401,Shivam Mavi,BOWL,0.25,False,9,unsold
1402,Jacob Duffy,BOWL,0.25,True,9,unsold
1403,Luke Wood,BOWL,0.25,True,9,unsold
1404,Kartik Tyagi,BOWL,0.25,False,9,unsold
1405,Ishant Sharma,BOWL,0.25,False,9,unsold
1406,Vijaykumar Vyshak,BOWL,0.25,False,9,unsold
1407,Ben Dwarshuis,BOWL,0.25,True,9,unsold
1408,Sushant Mishra,BOWL,0.25,False,9,unsold
1409,Prince Yadav,BOWL,0.25,False,9,unsold
1410,Adam Milne,BOWL,0.25,True,9,unsold
1411,Gurjapneet Singh,BOWL,0.25,False,9,unsold
1412,Yudhvir Singh,BOWL,0.25,False,9,unsold
1413,Nuwan Thushara,BOWL,0.25,True,9,unsold
1414,Kuldeep Sen,BOWL,0.25,False,9,unsold
1415,Mayank Markande,BOWL,0.25,False,9,unsold
1416,Vicky Ostwal,BOWL,0.25,False,9,unsold
1417,Dushmantha Chameera,BOWL,0.25,True,9,unsold
1418,Kwena Maphaka,BOWL,0.25,True,9,unsold
1419,Anrich Nortje,BOWL,0.25,True,9,unsold
1420,Brijesh Sharma,BOWL,0.25,False,9,unsold
1421,Mukesh Choudhary,BOWL,0.25,False,9,unsold
1422,Manav Suthar,BOWL,0.25,False,9,unsold
1423,Matt Henry,BOWL,0.25,True,9,unsold
1424,Vishal Nishad,BOWL,0.25,False,9,unsold
1425,Akash Singh,BOWL,0.25,False,9,unsold
1426,Manimaran Siddharth,BOWL,0.25,False,9,unsold
1427,Praveen Dubey,BOWL,0.25,False,9,unsold
1428,Yash Thakur,BOWL,0.25,False,9,unsold
1429,Abhinandan Singh,BOWL,0.25,False,9,unsold
1430,Ramakrishna Ghosh,BOWL,0.25,False,9,unsold
1431,Arjun Tendulkar,BOWL,0.25,False,9,unsold
1432,Jayant Yadav,BOWL,0.25,False,9,unsold
1433,Tripurana Vijay,BOWL,0.25,False,9,unsold
1434,Ashok Sharma,BOWL,0.25,False,9,unsold
1435,Gurnoor Brar,BOWL,0.25,False,9,unsold
1436,Raghu Sharma,BOWL,0.25,False,9,unsold
1437,Prashant Solanki,BOWL,0.25,False,9,unsold
1438,Satvik Deswal,BOWL,0.25,False,9,unsold
1439,Yash Raj Punja,BOWL,0.25,False,9,unsold
1440,Prithvi Raj,BOWL,0.25,False,9,unsold
1441,Sakib Hussain,BOWL,0.25,False,9,unsold
1442,Amit Kumar,BOWL,0.25,False,9,unsold
1443,Krains Fuletra,BOWL,0.25,False,9,unsold
1444,Onkar Tarmale,BOWL,0.25,False,9,unsold
1445,Praful Hinge,BOWL,0.25,False,9,unsold
1446,Shivang Kumar,BOWL,0.25,False,9,unsold
1447,Naman Tiwari,BOWL,0.25,False,9,unsold
1448,Mohd Izhar,BOWL,0.25,False,9,unsold
1449,Sarfaraz Khan,BAT,0.25,False,10,unsold
1450,Prithvi Shaw,BAT,0.25,False,10,unsold
1451,Manish Pandey,BAT,0.25,False,10,unsold
1452,Shubham Dubey,BAT,0.25,False,10,unsold
1453,Himmat Singh,BAT,0.25,False,10,unsold
1454,Matthew Breetzke,BAT,0.25,True,10,unsold
1455,Harnoor Singh,BAT,0.25,False,10,unsold
1456,Ravichandran Smaran,BAT,0.25,False,10,unsold
1457,Pyla Avinash,BAT,0.25,False,10,unsold
1458,Sahil Parakh,BAT,0.25,False,10,unsold
1459,Sarthak Ranjan,BAT,0.25,False,10,unsold
1460,Akshat Raghuwanshi,BAT,0.25,False,10,unsold
1461,Mukul Choudhary,BAT,0.25,False,10,unsold
1462,Danish Malewar,BAT,0.25,False,10,unsold
1463,Aman Rao,BAT,0.25,False,10,unsold
1464,Ravi Singh,BAT,0.25,False,10,unsold
1465,Cooper Connolly,AR,0.25,True,11,unsold
1466,Wanindu Hasaranga,AR,0.25,True,11,unsold
1467,Anukul Roy,AR,0.25,False,11,unsold
1468,Kamindu Mendis,AR,0.25,True,11,unsold
1469,Shreyas Gopal,AR,0.25,False,11,unsold
1470,Jamie Overton,AR,0.25,True,11,unsold
1471,Zak Foulkes,AR,0.25,True,11,unsold
1472,Jack Edwards,AR,0.25,True,11,unsold
1473,Nishant Sindhu,AR,0.25,False,11,unsold
1474,Madhav Tiwari,AR,0.25,False,11,unsold
1475,Vignesh Puthur,AR,0.25,False,11,unsold
1476,Arshin Kulkarni,AR,0.25,False,11,unsold
1477,Raj Bawa,AR,0.25,False,11,unsold
1478,Musheer Khan,AR,0.25,False,11,unsold
1479,Ajay Mandal,AR,0.25,False,11,unsold
1480,Swapnil Singh,AR,0.25,False,11,unsold
1481,Kanishk Chouhan,AR,0.25,False,11,unsold
1482,Vihaan Malhotra,AR,0.25,False,11,unsold
1483,Aman Khan,AR,0.25,False,11,unsold
1484,Daksh Kamra,AR,0.25,False,11,unsold
1485,Atharva Ankolekar,AR,0.25,False,11,unsold
1486,Mayank Rawat,AR,0.25,False,11,unsold
1487,Abishek Porel,WK,0.25,False,12,unsold
1488,Jordan Cox,WK,0.25,True,12,unsold
1489,Lhuan-dre Pretorius,WK,0.25,True,12,unsold
1490,Anuj Rawat,WK,0.25,False,12,unsold
1491,Urvil Patel,WK,0.25,True,12,unsold
1492,Robin Minz,WK,0.25,False,12,unsold
1493,Kumar Kushagra,WK,0.25,False,12,unsold
1494,Vishnu Vinod,WK,0.25,False,12,unsold
